[2026-07-27 02:02:56] [INFO] Beginning pipeline cycle.
[2026-07-27 02:02:56] [INFO] OpenSearch tunnel is already available on localhost:9200.
[2026-07-27 02:02:56] [INFO] Starting: Wazuh live collection
[2026-07-27 02:02:56] [ERROR] Traceback (most recent call last):
[2026-07-27 02:02:56] [ERROR]   File "D:\MSc-Research\Healthcare-risk-engine\src\wazuh_live_collector.py", line 288, in <module>
[2026-07-27 02:02:56] [ERROR]     raise SystemExit(main())
[2026-07-27 02:02:56] [ERROR]                      ~~~~^^
[2026-07-27 02:02:56] [ERROR]   File "D:\MSc-Research\Healthcare-risk-engine\src\wazuh_live_collector.py", line 238, in main
[2026-07-27 02:02:56] [ERROR]     environment_id = resolve_environment_id(
[2026-07-27 02:02:56] [ERROR]         args.environment
[2026-07-27 02:02:56] [ERROR]     )
[2026-07-27 02:02:56] [ERROR]   File "D:\MSc-Research\Healthcare-risk-engine\src\event_environment.py", line 42, in resolve_environment_id
[2026-07-27 02:02:56] [ERROR]     raise EventEnvironmentError(
[2026-07-27 02:02:56] [ERROR]     ...<2 lines>...
[2026-07-27 02:02:56] [ERROR]     )
[2026-07-27 02:02:56] [ERROR] event_environment.EventEnvironmentError: Environment ID is required. Use --environment or set ENVIRONMENT_ID.
[2026-07-27 02:02:56] [ERROR] Wazuh live collection failed with exit code 1
[2026-07-27 02:02:56] [INFO] Next cycle starts in 29 second(s).
[2026-07-27 02:03:25] [INFO] Beginning pipeline cycle.
[2026-07-27 02:03:25] [INFO] OpenSearch tunnel is already available on localhost:9200.
[2026-07-27 02:03:25] [INFO] Starting: Wazuh live collection
[2026-07-27 02:03:26] [ERROR] Traceback (most recent call last):
[2026-07-27 02:03:26] [ERROR]   File "D:\MSc-Research\Healthcare-risk-engine\src\wazuh_live_collector.py", line 288, in <module>
[2026-07-27 02:03:26] [ERROR]     raise SystemExit(main())
[2026-07-27 02:03:26] [ERROR]                      ~~~~^^
[2026-07-27 02:03:26] [ERROR]   File "D:\MSc-Research\Healthcare-risk-engine\src\wazuh_live_collector.py", line 238, in main
[2026-07-27 02:03:26] [ERROR]     environment_id = resolve_environment_id(
[2026-07-27 02:03:26] [ERROR]         args.environment
[2026-07-27 02:03:26] [ERROR]     )
[2026-07-27 02:03:26] [ERROR]   File "D:\MSc-Research\Healthcare-risk-engine\src\event_environment.py", line 42, in resolve_environment_id
[2026-07-27 02:03:26] [ERROR]     raise EventEnvironmentError(
[2026-07-27 02:03:26] [ERROR]     ...<2 lines>...
[2026-07-27 02:03:26] [ERROR]     )
[2026-07-27 02:03:26] [ERROR] event_environment.EventEnvironmentError: Environment ID is required. Use --environment or set ENVIRONMENT_ID.
[2026-07-27 02:03:26] [ERROR] Wazuh live collection failed with exit code 1
[2026-07-27 02:03:26] [INFO] Next cycle starts in 29 second(s).
[2026-07-27 02:03:55] [INFO] Beginning pipeline cycle.
[2026-07-27 02:03:55] [INFO] OpenSearch tunnel is already available on localhost:9200.
[2026-07-27 02:03:55] [INFO] Starting: Wazuh live collection
[2026-07-27 02:03:56] [ERROR] Traceback (most recent call last):
[2026-07-27 02:03:56] [ERROR]   File "D:\MSc-Research\Healthcare-risk-engine\src\wazuh_live_collector.py", line 288, in <module>
[2026-07-27 02:03:56] [ERROR]     raise SystemExit(main())
[2026-07-27 02:03:56] [ERROR]                      ~~~~^^
[2026-07-27 02:03:56] [ERROR]   File "D:\MSc-Research\Healthcare-risk-engine\src\wazuh_live_collector.py", line 238, in main
[2026-07-27 02:03:56] [ERROR]     environment_id = resolve_environment_id(
[2026-07-27 02:03:56] [ERROR]         args.environment
[2026-07-27 02:03:56] [ERROR]     )
[2026-07-27 02:03:56] [ERROR]   File "D:\MSc-Research\Healthcare-risk-engine\src\event_environment.py", line 42, in resolve_environment_id
[2026-07-27 02:03:56] [ERROR]     raise EventEnvironmentError(
[2026-07-27 02:03:56] [ERROR]     ...<2 lines>...
[2026-07-27 02:03:56] [ERROR]     )
[2026-07-27 02:03:56] [ERROR] event_environment.EventEnvironmentError: Environment ID is required. Use --environment or set ENVIRONMENT_ID.
[2026-07-27 02:03:56] [ERROR] Wazuh live collection failed with exit code 1
[2026-07-27 02:03:56] [INFO] Next cycle starts in 29 second(s).
[2026-07-27 02:04:25] [INFO] Beginning pipeline cycle.
[2026-07-27 02:04:25] [INFO] OpenSearch tunnel is already available on localhost:9200.
[2026-07-27 02:04:25] [INFO] Starting: Wazuh live collection
[2026-07-27 02:04:25] [ERROR] Traceback (most recent call last):
[2026-07-27 02:04:25] [ERROR]   File "D:\MSc-Research\Healthcare-risk-engine\src\wazuh_live_collector.py", line 288, in <module>
[2026-07-27 02:04:25] [ERROR]     raise SystemExit(main())
[2026-07-27 02:04:25] [ERROR]                      ~~~~^^
[2026-07-27 02:04:25] [ERROR]   File "D:\MSc-Research\Healthcare-risk-engine\src\wazuh_live_collector.py", line 238, in main
[2026-07-27 02:04:25] [ERROR]     environment_id = resolve_environment_id(
[2026-07-27 02:04:25] [ERROR]         args.environment
[2026-07-27 02:04:25] [ERROR]     )
[2026-07-27 02:04:25] [ERROR]   File "D:\MSc-Research\Healthcare-risk-engine\src\event_environment.py", line 42, in resolve_environment_id
[2026-07-27 02:04:25] [ERROR]     raise EventEnvironmentError(
[2026-07-27 02:04:25] [ERROR]     ...<2 lines>...
[2026-07-27 02:04:25] [ERROR]     )
[2026-07-27 02:04:25] [ERROR] event_environment.EventEnvironmentError: Environment ID is required. Use --environment or set ENVIRONMENT_ID.
[2026-07-27 02:04:25] [ERROR] Wazuh live collection failed with exit code 1
[2026-07-27 02:04:25] [INFO] Next cycle starts in 29 second(s).
[2026-07-27 02:04:54] [INFO] Beginning pipeline cycle.
[2026-07-27 02:04:54] [INFO] OpenSearch tunnel is already available on localhost:9200.
[2026-07-27 02:04:54] [INFO] Starting: Wazuh live collection
[2026-07-27 02:04:55] [ERROR] Traceback (most recent call last):
[2026-07-27 02:04:55] [ERROR]   File "D:\MSc-Research\Healthcare-risk-engine\src\wazuh_live_collector.py", line 288, in <module>
[2026-07-27 02:04:55] [ERROR]     raise SystemExit(main())
[2026-07-27 02:04:55] [ERROR]                      ~~~~^^
[2026-07-27 02:04:55] [ERROR]   File "D:\MSc-Research\Healthcare-risk-engine\src\wazuh_live_collector.py", line 238, in main
[2026-07-27 02:04:55] [ERROR]     environment_id = resolve_environment_id(
[2026-07-27 02:04:55] [ERROR]         args.environment
[2026-07-27 02:04:55] [ERROR]     )
[2026-07-27 02:04:55] [ERROR]   File "D:\MSc-Research\Healthcare-risk-engine\src\event_environment.py", line 42, in resolve_environment_id
[2026-07-27 02:04:55] [ERROR]     raise EventEnvironmentError(
[2026-07-27 02:04:55] [ERROR]     ...<2 lines>...
[2026-07-27 02:04:55] [ERROR]     )
[2026-07-27 02:04:55] [ERROR] event_environment.EventEnvironmentError: Environment ID is required. Use --environment or set ENVIRONMENT_ID.
[2026-07-27 02:04:55] [ERROR] Wazuh live collection failed with exit code 1
[2026-07-27 02:04:55] [INFO] Next cycle starts in 29 second(s).
[2026-07-27 02:05:24] [INFO] Beginning pipeline cycle.
[2026-07-27 02:05:24] [INFO] OpenSearch tunnel is already available on localhost:9200.
[2026-07-27 02:05:24] [INFO] Starting: Wazuh live collection
[2026-07-27 02:05:24] [ERROR] Traceback (most recent call last):
[2026-07-27 02:05:24] [ERROR]   File "D:\MSc-Research\Healthcare-risk-engine\src\wazuh_live_collector.py", line 288, in <module>
[2026-07-27 02:05:24] [ERROR]     raise SystemExit(main())
[2026-07-27 02:05:24] [ERROR]                      ~~~~^^
[2026-07-27 02:05:24] [ERROR]   File "D:\MSc-Research\Healthcare-risk-engine\src\wazuh_live_collector.py", line 238, in main
[2026-07-27 02:05:24] [ERROR]     environment_id = resolve_environment_id(
[2026-07-27 02:05:24] [ERROR]         args.environment
[2026-07-27 02:05:24] [ERROR]     )
[2026-07-27 02:05:24] [ERROR]   File "D:\MSc-Research\Healthcare-risk-engine\src\event_environment.py", line 42, in resolve_environment_id
[2026-07-27 02:05:24] [ERROR]     raise EventEnvironmentError(
[2026-07-27 02:05:24] [ERROR]     ...<2 lines>...
[2026-07-27 02:05:24] [ERROR]     )
[2026-07-27 02:05:24] [ERROR] event_environment.EventEnvironmentError: Environment ID is required. Use --environment or set ENVIRONMENT_ID.
[2026-07-27 02:05:24] [ERROR] Wazuh live collection failed with exit code 1
[2026-07-27 02:05:24] [INFO] Next cycle starts in 29 second(s).
[2026-07-27 02:05:53] [INFO] Beginning pipeline cycle.
[2026-07-27 02:05:53] [INFO] OpenSearch tunnel is already available on localhost:9200.
[2026-07-27 02:05:53] [INFO] Starting: Wazuh live collection
[2026-07-27 02:05:54] [ERROR] Traceback (most recent call last):
[2026-07-27 02:05:54] [ERROR]   File "D:\MSc-Research\Healthcare-risk-engine\src\wazuh_live_collector.py", line 288, in <module>
[2026-07-27 02:05:54] [ERROR]     raise SystemExit(main())
[2026-07-27 02:05:54] [ERROR]                      ~~~~^^
[2026-07-27 02:05:54] [ERROR]   File "D:\MSc-Research\Healthcare-risk-engine\src\wazuh_live_collector.py", line 238, in main
[2026-07-27 02:05:54] [ERROR]     environment_id = resolve_environment_id(
[2026-07-27 02:05:54] [ERROR]         args.environment
[2026-07-27 02:05:54] [ERROR]     )
[2026-07-27 02:05:54] [ERROR]   File "D:\MSc-Research\Healthcare-risk-engine\src\event_environment.py", line 42, in resolve_environment_id
[2026-07-27 02:05:54] [ERROR]     raise EventEnvironmentError(
[2026-07-27 02:05:54] [ERROR]     ...<2 lines>...
[2026-07-27 02:05:54] [ERROR]     )
[2026-07-27 02:05:54] [ERROR] event_environment.EventEnvironmentError: Environment ID is required. Use --environment or set ENVIRONMENT_ID.
[2026-07-27 02:05:54] [ERROR] Wazuh live collection failed with exit code 1
[2026-07-27 02:05:54] [INFO] Next cycle starts in 29 second(s).
[2026-07-27 02:06:23] [INFO] Beginning pipeline cycle.
[2026-07-27 02:06:23] [INFO] OpenSearch tunnel is already available on localhost:9200.
[2026-07-27 02:06:23] [INFO] Starting: Wazuh live collection
[2026-07-27 02:06:24] [ERROR] Traceback (most recent call last):
[2026-07-27 02:06:24] [ERROR]   File "D:\MSc-Research\Healthcare-risk-engine\src\wazuh_live_collector.py", line 288, in <module>
[2026-07-27 02:06:24] [ERROR]     raise SystemExit(main())
[2026-07-27 02:06:24] [ERROR]                      ~~~~^^
[2026-07-27 02:06:24] [ERROR]   File "D:\MSc-Research\Healthcare-risk-engine\src\wazuh_live_collector.py", line 238, in main
[2026-07-27 02:06:24] [ERROR]     environment_id = resolve_environment_id(
[2026-07-27 02:06:24] [ERROR]         args.environment
[2026-07-27 02:06:24] [ERROR]     )
[2026-07-27 02:06:24] [ERROR]   File "D:\MSc-Research\Healthcare-risk-engine\src\event_environment.py", line 42, in resolve_environment_id
[2026-07-27 02:06:24] [ERROR]     raise EventEnvironmentError(
[2026-07-27 02:06:24] [ERROR]     ...<2 lines>...
[2026-07-27 02:06:24] [ERROR]     )
[2026-07-27 02:06:24] [ERROR] event_environment.EventEnvironmentError: Environment ID is required. Use --environment or set ENVIRONMENT_ID.
[2026-07-27 02:06:24] [ERROR] Wazuh live collection failed with exit code 1
[2026-07-27 02:06:24] [INFO] Next cycle starts in 29 second(s).
[2026-07-27 02:06:53] [INFO] Beginning pipeline cycle.
[2026-07-27 02:06:53] [INFO] OpenSearch tunnel is already available on localhost:9200.
[2026-07-27 02:06:53] [INFO] Starting: Wazuh live collection
[2026-07-27 02:06:53] [ERROR] Traceback (most recent call last):
[2026-07-27 02:06:53] [ERROR]   File "D:\MSc-Research\Healthcare-risk-engine\src\wazuh_live_collector.py", line 288, in <module>
[2026-07-27 02:06:53] [ERROR]     raise SystemExit(main())
[2026-07-27 02:06:53] [ERROR]                      ~~~~^^
[2026-07-27 02:06:53] [ERROR]   File "D:\MSc-Research\Healthcare-risk-engine\src\wazuh_live_collector.py", line 238, in main
[2026-07-27 02:06:53] [ERROR]     environment_id = resolve_environment_id(
[2026-07-27 02:06:53] [ERROR]         args.environment
[2026-07-27 02:06:53] [ERROR]     )
[2026-07-27 02:06:53] [ERROR]   File "D:\MSc-Research\Healthcare-risk-engine\src\event_environment.py", line 42, in resolve_environment_id
[2026-07-27 02:06:53] [ERROR]     raise EventEnvironmentError(
[2026-07-27 02:06:53] [ERROR]     ...<2 lines>...
[2026-07-27 02:06:53] [ERROR]     )
[2026-07-27 02:06:53] [ERROR] event_environment.EventEnvironmentError: Environment ID is required. Use --environment or set ENVIRONMENT_ID.
[2026-07-27 02:06:53] [ERROR] Wazuh live collection failed with exit code 1
[2026-07-27 02:06:53] [INFO] Next cycle starts in 29 second(s).
[2026-07-27 02:07:22] [INFO] Beginning pipeline cycle.
[2026-07-27 02:07:22] [INFO] OpenSearch tunnel is already available on localhost:9200.
[2026-07-27 02:07:22] [INFO] Starting: Wazuh live collection
[2026-07-27 02:07:23] [ERROR] Traceback (most recent call last):
[2026-07-27 02:07:23] [ERROR]   File "D:\MSc-Research\Healthcare-risk-engine\src\wazuh_live_collector.py", line 288, in <module>
[2026-07-27 02:07:23] [ERROR]     raise SystemExit(main())
[2026-07-27 02:07:23] [ERROR]                      ~~~~^^
[2026-07-27 02:07:23] [ERROR]   File "D:\MSc-Research\Healthcare-risk-engine\src\wazuh_live_collector.py", line 238, in main
[2026-07-27 02:07:23] [ERROR]     environment_id = resolve_environment_id(
[2026-07-27 02:07:23] [ERROR]         args.environment
[2026-07-27 02:07:23] [ERROR]     )
[2026-07-27 02:07:23] [ERROR]   File "D:\MSc-Research\Healthcare-risk-engine\src\event_environment.py", line 42, in resolve_environment_id
[2026-07-27 02:07:23] [ERROR]     raise EventEnvironmentError(
[2026-07-27 02:07:23] [ERROR]     ...<2 lines>...
[2026-07-27 02:07:23] [ERROR]     )
[2026-07-27 02:07:23] [ERROR] event_environment.EventEnvironmentError: Environment ID is required. Use --environment or set ENVIRONMENT_ID.
[2026-07-27 02:07:23] [ERROR] Wazuh live collection failed with exit code 1
[2026-07-27 02:07:23] [INFO] Next cycle starts in 29 second(s).
[2026-07-27 02:07:52] [INFO] Beginning pipeline cycle.
[2026-07-27 02:07:52] [INFO] OpenSearch tunnel is already available on localhost:9200.
[2026-07-27 02:07:52] [INFO] Starting: Wazuh live collection
[2026-07-27 02:07:53] [ERROR] Traceback (most recent call last):
[2026-07-27 02:07:53] [ERROR]   File "D:\MSc-Research\Healthcare-risk-engine\src\wazuh_live_collector.py", line 288, in <module>
[2026-07-27 02:07:53] [ERROR]     raise SystemExit(main())
[2026-07-27 02:07:53] [ERROR]                      ~~~~^^
[2026-07-27 02:07:53] [ERROR]   File "D:\MSc-Research\Healthcare-risk-engine\src\wazuh_live_collector.py", line 238, in main
[2026-07-27 02:07:53] [ERROR]     environment_id = resolve_environment_id(
[2026-07-27 02:07:53] [ERROR]         args.environment
[2026-07-27 02:07:53] [ERROR]     )
[2026-07-27 02:07:53] [ERROR]   File "D:\MSc-Research\Healthcare-risk-engine\src\event_environment.py", line 42, in resolve_environment_id
[2026-07-27 02:07:53] [ERROR]     raise EventEnvironmentError(
[2026-07-27 02:07:53] [ERROR]     ...<2 lines>...
[2026-07-27 02:07:53] [ERROR]     )
[2026-07-27 02:07:53] [ERROR] event_environment.EventEnvironmentError: Environment ID is required. Use --environment or set ENVIRONMENT_ID.
[2026-07-27 02:07:53] [ERROR] Wazuh live collection failed with exit code 1
[2026-07-27 02:07:53] [INFO] Next cycle starts in 29 second(s).
[2026-07-27 02:08:22] [INFO] Beginning pipeline cycle.
[2026-07-27 02:08:22] [INFO] OpenSearch tunnel is already available on localhost:9200.
[2026-07-27 02:08:22] [INFO] Starting: Wazuh live collection
[2026-07-27 02:08:22] [ERROR] Traceback (most recent call last):
[2026-07-27 02:08:22] [ERROR]   File "D:\MSc-Research\Healthcare-risk-engine\src\wazuh_live_collector.py", line 288, in <module>
[2026-07-27 02:08:22] [ERROR]     raise SystemExit(main())
[2026-07-27 02:08:22] [ERROR]                      ~~~~^^
[2026-07-27 02:08:22] [ERROR]   File "D:\MSc-Research\Healthcare-risk-engine\src\wazuh_live_collector.py", line 238, in main
[2026-07-27 02:08:22] [ERROR]     environment_id = resolve_environment_id(
[2026-07-27 02:08:22] [ERROR]         args.environment
[2026-07-27 02:08:22] [ERROR]     )
[2026-07-27 02:08:22] [ERROR]   File "D:\MSc-Research\Healthcare-risk-engine\src\event_environment.py", line 42, in resolve_environment_id
[2026-07-27 02:08:22] [ERROR]     raise EventEnvironmentError(
[2026-07-27 02:08:22] [ERROR]     ...<2 lines>...
[2026-07-27 02:08:22] [ERROR]     )
[2026-07-27 02:08:22] [ERROR] event_environment.EventEnvironmentError: Environment ID is required. Use --environment or set ENVIRONMENT_ID.
[2026-07-27 02:08:22] [ERROR] Wazuh live collection failed with exit code 1
[2026-07-27 02:08:22] [INFO] Next cycle starts in 29 second(s).
[2026-07-27 02:08:51] [INFO] Beginning pipeline cycle.
[2026-07-27 02:08:51] [INFO] OpenSearch tunnel is already available on localhost:9200.
[2026-07-27 02:08:51] [INFO] Starting: Wazuh live collection
[2026-07-27 02:08:52] [ERROR] Traceback (most recent call last):
[2026-07-27 02:08:52] [ERROR]   File "D:\MSc-Research\Healthcare-risk-engine\src\wazuh_live_collector.py", line 288, in <module>
[2026-07-27 02:08:52] [ERROR]     raise SystemExit(main())
[2026-07-27 02:08:52] [ERROR]                      ~~~~^^
[2026-07-27 02:08:52] [ERROR]   File "D:\MSc-Research\Healthcare-risk-engine\src\wazuh_live_collector.py", line 238, in main
[2026-07-27 02:08:52] [ERROR]     environment_id = resolve_environment_id(
[2026-07-27 02:08:52] [ERROR]         args.environment
[2026-07-27 02:08:52] [ERROR]     )
[2026-07-27 02:08:52] [ERROR]   File "D:\MSc-Research\Healthcare-risk-engine\src\event_environment.py", line 42, in resolve_environment_id
[2026-07-27 02:08:52] [ERROR]     raise EventEnvironmentError(
[2026-07-27 02:08:52] [ERROR]     ...<2 lines>...
[2026-07-27 02:08:52] [ERROR]     )
[2026-07-27 02:08:52] [ERROR] event_environment.EventEnvironmentError: Environment ID is required. Use --environment or set ENVIRONMENT_ID.
[2026-07-27 02:08:52] [ERROR] Wazuh live collection failed with exit code 1
[2026-07-27 02:08:52] [INFO] Next cycle starts in 29 second(s).
[2026-07-27 02:09:21] [INFO] Beginning pipeline cycle.
[2026-07-27 02:09:21] [INFO] OpenSearch tunnel is already available on localhost:9200.
[2026-07-27 02:09:21] [INFO] Starting: Wazuh live collection
[2026-07-27 02:09:21] [ERROR] Traceback (most recent call last):
[2026-07-27 02:09:21] [ERROR]   File "D:\MSc-Research\Healthcare-risk-engine\src\wazuh_live_collector.py", line 288, in <module>
[2026-07-27 02:09:21] [ERROR]     raise SystemExit(main())
[2026-07-27 02:09:21] [ERROR]                      ~~~~^^
[2026-07-27 02:09:21] [ERROR]   File "D:\MSc-Research\Healthcare-risk-engine\src\wazuh_live_collector.py", line 238, in main
[2026-07-27 02:09:21] [ERROR]     environment_id = resolve_environment_id(
[2026-07-27 02:09:21] [ERROR]         args.environment
[2026-07-27 02:09:21] [ERROR]     )
[2026-07-27 02:09:21] [ERROR]   File "D:\MSc-Research\Healthcare-risk-engine\src\event_environment.py", line 42, in resolve_environment_id
[2026-07-27 02:09:21] [ERROR]     raise EventEnvironmentError(
[2026-07-27 02:09:21] [ERROR]     ...<2 lines>...
[2026-07-27 02:09:21] [ERROR]     )
[2026-07-27 02:09:21] [ERROR] event_environment.EventEnvironmentError: Environment ID is required. Use --environment or set ENVIRONMENT_ID.
[2026-07-27 02:09:21] [ERROR] Wazuh live collection failed with exit code 1
[2026-07-27 02:09:21] [INFO] Next cycle starts in 29 second(s).
[2026-07-27 02:09:50] [INFO] Beginning pipeline cycle.
[2026-07-27 02:09:50] [INFO] OpenSearch tunnel is already available on localhost:9200.
[2026-07-27 02:09:50] [INFO] Starting: Wazuh live collection
[2026-07-27 02:09:51] [ERROR] Traceback (most recent call last):
[2026-07-27 02:09:51] [ERROR]   File "D:\MSc-Research\Healthcare-risk-engine\src\wazuh_live_collector.py", line 288, in <module>
[2026-07-27 02:09:51] [ERROR]     raise SystemExit(main())
[2026-07-27 02:09:51] [ERROR]                      ~~~~^^
[2026-07-27 02:09:51] [ERROR]   File "D:\MSc-Research\Healthcare-risk-engine\src\wazuh_live_collector.py", line 238, in main
[2026-07-27 02:09:51] [ERROR]     environment_id = resolve_environment_id(
[2026-07-27 02:09:51] [ERROR]         args.environment
[2026-07-27 02:09:51] [ERROR]     )
[2026-07-27 02:09:51] [ERROR]   File "D:\MSc-Research\Healthcare-risk-engine\src\event_environment.py", line 42, in resolve_environment_id
[2026-07-27 02:09:51] [ERROR]     raise EventEnvironmentError(
[2026-07-27 02:09:51] [ERROR]     ...<2 lines>...
[2026-07-27 02:09:51] [ERROR]     )
[2026-07-27 02:09:51] [ERROR] event_environment.EventEnvironmentError: Environment ID is required. Use --environment or set ENVIRONMENT_ID.
[2026-07-27 02:09:51] [ERROR] Wazuh live collection failed with exit code 1
[2026-07-27 02:09:51] [INFO] Next cycle starts in 29 second(s).
[2026-07-27 02:10:20] [INFO] Beginning pipeline cycle.
[2026-07-27 02:10:20] [INFO] OpenSearch tunnel is already available on localhost:9200.
[2026-07-27 02:10:20] [INFO] Starting: Wazuh live collection
[2026-07-27 02:10:20] [ERROR] Traceback (most recent call last):
[2026-07-27 02:10:20] [ERROR]   File "D:\MSc-Research\Healthcare-risk-engine\src\wazuh_live_collector.py", line 288, in <module>
[2026-07-27 02:10:20] [ERROR]     raise SystemExit(main())
[2026-07-27 02:10:20] [ERROR]                      ~~~~^^
[2026-07-27 02:10:20] [ERROR]   File "D:\MSc-Research\Healthcare-risk-engine\src\wazuh_live_collector.py", line 238, in main
[2026-07-27 02:10:20] [ERROR]     environment_id = resolve_environment_id(
[2026-07-27 02:10:20] [ERROR]         args.environment
[2026-07-27 02:10:20] [ERROR]     )
[2026-07-27 02:10:20] [ERROR]   File "D:\MSc-Research\Healthcare-risk-engine\src\event_environment.py", line 42, in resolve_environment_id
[2026-07-27 02:10:20] [ERROR]     raise EventEnvironmentError(
[2026-07-27 02:10:20] [ERROR]     ...<2 lines>...
[2026-07-27 02:10:20] [ERROR]     )
[2026-07-27 02:10:20] [ERROR] event_environment.EventEnvironmentError: Environment ID is required. Use --environment or set ENVIRONMENT_ID.
[2026-07-27 02:10:20] [ERROR] Wazuh live collection failed with exit code 1
[2026-07-27 02:10:20] [INFO] Next cycle starts in 29 second(s).
[2026-07-27 02:10:49] [INFO] Beginning pipeline cycle.
[2026-07-27 02:10:49] [INFO] OpenSearch tunnel is already available on localhost:9200.
[2026-07-27 02:10:49] [INFO] Starting: Wazuh live collection
[2026-07-27 02:10:50] [ERROR] Traceback (most recent call last):
[2026-07-27 02:10:50] [ERROR]   File "D:\MSc-Research\Healthcare-risk-engine\src\wazuh_live_collector.py", line 288, in <module>
[2026-07-27 02:10:50] [ERROR]     raise SystemExit(main())
[2026-07-27 02:10:50] [ERROR]                      ~~~~^^
[2026-07-27 02:10:50] [ERROR]   File "D:\MSc-Research\Healthcare-risk-engine\src\wazuh_live_collector.py", line 238, in main
[2026-07-27 02:10:50] [ERROR]     environment_id = resolve_environment_id(
[2026-07-27 02:10:50] [ERROR]         args.environment
[2026-07-27 02:10:50] [ERROR]     )
[2026-07-27 02:10:50] [ERROR]   File "D:\MSc-Research\Healthcare-risk-engine\src\event_environment.py", line 42, in resolve_environment_id
[2026-07-27 02:10:50] [ERROR]     raise EventEnvironmentError(
[2026-07-27 02:10:50] [ERROR]     ...<2 lines>...
[2026-07-27 02:10:50] [ERROR]     )
[2026-07-27 02:10:50] [ERROR] event_environment.EventEnvironmentError: Environment ID is required. Use --environment or set ENVIRONMENT_ID.
[2026-07-27 02:10:50] [ERROR] Wazuh live collection failed with exit code 1
[2026-07-27 02:10:50] [INFO] Next cycle starts in 29 second(s).
[2026-07-27 02:11:19] [INFO] Beginning pipeline cycle.
[2026-07-27 02:11:19] [INFO] OpenSearch tunnel is already available on localhost:9200.
[2026-07-27 02:11:19] [INFO] Starting: Wazuh live collection
[2026-07-27 02:11:19] [ERROR] Traceback (most recent call last):
[2026-07-27 02:11:19] [ERROR]   File "D:\MSc-Research\Healthcare-risk-engine\src\wazuh_live_collector.py", line 288, in <module>
[2026-07-27 02:11:19] [ERROR]     raise SystemExit(main())
[2026-07-27 02:11:19] [ERROR]                      ~~~~^^
[2026-07-27 02:11:19] [ERROR]   File "D:\MSc-Research\Healthcare-risk-engine\src\wazuh_live_collector.py", line 238, in main
[2026-07-27 02:11:19] [ERROR]     environment_id = resolve_environment_id(
[2026-07-27 02:11:19] [ERROR]         args.environment
[2026-07-27 02:11:19] [ERROR]     )
[2026-07-27 02:11:19] [ERROR]   File "D:\MSc-Research\Healthcare-risk-engine\src\event_environment.py", line 42, in resolve_environment_id
[2026-07-27 02:11:19] [ERROR]     raise EventEnvironmentError(
[2026-07-27 02:11:19] [ERROR]     ...<2 lines>...
[2026-07-27 02:11:19] [ERROR]     )
[2026-07-27 02:11:19] [ERROR] event_environment.EventEnvironmentError: Environment ID is required. Use --environment or set ENVIRONMENT_ID.
[2026-07-27 02:11:19] [ERROR] Wazuh live collection failed with exit code 1
[2026-07-27 02:11:19] [INFO] Next cycle starts in 29 second(s).
[2026-07-27 02:11:48] [INFO] Beginning pipeline cycle.
[2026-07-27 02:11:48] [INFO] OpenSearch tunnel is already available on localhost:9200.
[2026-07-27 02:11:48] [INFO] Starting: Wazuh live collection
[2026-07-27 02:11:49] [ERROR] Traceback (most recent call last):
[2026-07-27 02:11:49] [ERROR]   File "D:\MSc-Research\Healthcare-risk-engine\src\wazuh_live_collector.py", line 288, in <module>
[2026-07-27 02:11:49] [ERROR]     raise SystemExit(main())
[2026-07-27 02:11:49] [ERROR]                      ~~~~^^
[2026-07-27 02:11:49] [ERROR]   File "D:\MSc-Research\Healthcare-risk-engine\src\wazuh_live_collector.py", line 238, in main
[2026-07-27 02:11:49] [ERROR]     environment_id = resolve_environment_id(
[2026-07-27 02:11:49] [ERROR]         args.environment
[2026-07-27 02:11:49] [ERROR]     )
[2026-07-27 02:11:49] [ERROR]   File "D:\MSc-Research\Healthcare-risk-engine\src\event_environment.py", line 42, in resolve_environment_id
[2026-07-27 02:11:49] [ERROR]     raise EventEnvironmentError(
[2026-07-27 02:11:49] [ERROR]     ...<2 lines>...
[2026-07-27 02:11:49] [ERROR]     )
[2026-07-27 02:11:49] [ERROR] event_environment.EventEnvironmentError: Environment ID is required. Use --environment or set ENVIRONMENT_ID.
[2026-07-27 02:11:49] [ERROR] Wazuh live collection failed with exit code 1
[2026-07-27 02:11:49] [INFO] Next cycle starts in 29 second(s).
[2026-07-27 02:12:18] [INFO] Beginning pipeline cycle.
[2026-07-27 02:12:18] [INFO] OpenSearch tunnel is already available on localhost:9200.
[2026-07-27 02:12:18] [INFO] Starting: Wazuh live collection
[2026-07-27 02:12:18] [ERROR] Traceback (most recent call last):
[2026-07-27 02:12:18] [ERROR]   File "D:\MSc-Research\Healthcare-risk-engine\src\wazuh_live_collector.py", line 288, in <module>
[2026-07-27 02:12:18] [ERROR]     raise SystemExit(main())
[2026-07-27 02:12:18] [ERROR]                      ~~~~^^
[2026-07-27 02:12:18] [ERROR]   File "D:\MSc-Research\Healthcare-risk-engine\src\wazuh_live_collector.py", line 238, in main
[2026-07-27 02:12:18] [ERROR]     environment_id = resolve_environment_id(
[2026-07-27 02:12:18] [ERROR]         args.environment
[2026-07-27 02:12:18] [ERROR]     )
[2026-07-27 02:12:18] [ERROR]   File "D:\MSc-Research\Healthcare-risk-engine\src\event_environment.py", line 42, in resolve_environment_id
[2026-07-27 02:12:18] [ERROR]     raise EventEnvironmentError(
[2026-07-27 02:12:18] [ERROR]     ...<2 lines>...
[2026-07-27 02:12:18] [ERROR]     )
[2026-07-27 02:12:18] [ERROR] event_environment.EventEnvironmentError: Environment ID is required. Use --environment or set ENVIRONMENT_ID.
[2026-07-27 02:12:18] [ERROR] Wazuh live collection failed with exit code 1
[2026-07-27 02:12:18] [INFO] Next cycle starts in 29 second(s).
[2026-07-27 02:12:47] [INFO] Beginning pipeline cycle.
[2026-07-27 02:12:47] [INFO] OpenSearch tunnel is already available on localhost:9200.
[2026-07-27 02:12:47] [INFO] Starting: Wazuh live collection
[2026-07-27 02:12:48] [ERROR] Traceback (most recent call last):
[2026-07-27 02:12:48] [ERROR]   File "D:\MSc-Research\Healthcare-risk-engine\src\wazuh_live_collector.py", line 288, in <module>
[2026-07-27 02:12:48] [ERROR]     raise SystemExit(main())
[2026-07-27 02:12:48] [ERROR]                      ~~~~^^
[2026-07-27 02:12:48] [ERROR]   File "D:\MSc-Research\Healthcare-risk-engine\src\wazuh_live_collector.py", line 238, in main
[2026-07-27 02:12:48] [ERROR]     environment_id = resolve_environment_id(
[2026-07-27 02:12:48] [ERROR]         args.environment
[2026-07-27 02:12:48] [ERROR]     )
[2026-07-27 02:12:48] [ERROR]   File "D:\MSc-Research\Healthcare-risk-engine\src\event_environment.py", line 42, in resolve_environment_id
[2026-07-27 02:12:48] [ERROR]     raise EventEnvironmentError(
[2026-07-27 02:12:48] [ERROR]     ...<2 lines>...
[2026-07-27 02:12:48] [ERROR]     )
[2026-07-27 02:12:48] [ERROR] event_environment.EventEnvironmentError: Environment ID is required. Use --environment or set ENVIRONMENT_ID.
[2026-07-27 02:12:48] [ERROR] Wazuh live collection failed with exit code 1
[2026-07-27 02:12:48] [INFO] Next cycle starts in 29 second(s).
[2026-07-27 02:13:17] [INFO] Beginning pipeline cycle.
[2026-07-27 02:13:17] [INFO] OpenSearch tunnel is already available on localhost:9200.
[2026-07-27 02:13:17] [INFO] Starting: Wazuh live collection
[2026-07-27 02:13:17] [ERROR] Traceback (most recent call last):
[2026-07-27 02:13:17] [ERROR]   File "D:\MSc-Research\Healthcare-risk-engine\src\wazuh_live_collector.py", line 288, in <module>
[2026-07-27 02:13:17] [ERROR]     raise SystemExit(main())
[2026-07-27 02:13:17] [ERROR]                      ~~~~^^
[2026-07-27 02:13:17] [ERROR]   File "D:\MSc-Research\Healthcare-risk-engine\src\wazuh_live_collector.py", line 238, in main
[2026-07-27 02:13:17] [ERROR]     environment_id = resolve_environment_id(
[2026-07-27 02:13:17] [ERROR]         args.environment
[2026-07-27 02:13:17] [ERROR]     )
[2026-07-27 02:13:17] [ERROR]   File "D:\MSc-Research\Healthcare-risk-engine\src\event_environment.py", line 42, in resolve_environment_id
[2026-07-27 02:13:17] [ERROR]     raise EventEnvironmentError(
[2026-07-27 02:13:17] [ERROR]     ...<2 lines>...
[2026-07-27 02:13:17] [ERROR]     )
[2026-07-27 02:13:17] [ERROR] event_environment.EventEnvironmentError: Environment ID is required. Use --environment or set ENVIRONMENT_ID.
[2026-07-27 02:13:17] [ERROR] Wazuh live collection failed with exit code 1
[2026-07-27 02:13:17] [INFO] Next cycle starts in 29 second(s).
[2026-07-27 02:13:46] [INFO] Beginning pipeline cycle.
[2026-07-27 02:13:46] [INFO] OpenSearch tunnel is already available on localhost:9200.
[2026-07-27 02:13:46] [INFO] Starting: Wazuh live collection
[2026-07-27 02:13:47] [ERROR] Traceback (most recent call last):
[2026-07-27 02:13:47] [ERROR]   File "D:\MSc-Research\Healthcare-risk-engine\src\wazuh_live_collector.py", line 288, in <module>
[2026-07-27 02:13:47] [ERROR]     raise SystemExit(main())
[2026-07-27 02:13:47] [ERROR]                      ~~~~^^
[2026-07-27 02:13:47] [ERROR]   File "D:\MSc-Research\Healthcare-risk-engine\src\wazuh_live_collector.py", line 238, in main
[2026-07-27 02:13:47] [ERROR]     environment_id = resolve_environment_id(
[2026-07-27 02:13:47] [ERROR]         args.environment
[2026-07-27 02:13:47] [ERROR]     )
[2026-07-27 02:13:47] [ERROR]   File "D:\MSc-Research\Healthcare-risk-engine\src\event_environment.py", line 42, in resolve_environment_id
[2026-07-27 02:13:47] [ERROR]     raise EventEnvironmentError(
[2026-07-27 02:13:47] [ERROR]     ...<2 lines>...
[2026-07-27 02:13:47] [ERROR]     )
[2026-07-27 02:13:47] [ERROR] event_environment.EventEnvironmentError: Environment ID is required. Use --environment or set ENVIRONMENT_ID.
[2026-07-27 02:13:47] [ERROR] Wazuh live collection failed with exit code 1
[2026-07-27 02:13:47] [INFO] Next cycle starts in 29 second(s).
[2026-07-27 02:14:16] [INFO] Beginning pipeline cycle.
[2026-07-27 02:14:16] [INFO] OpenSearch tunnel is already available on localhost:9200.
[2026-07-27 02:14:16] [INFO] Starting: Wazuh live collection
[2026-07-27 02:14:16] [ERROR] Traceback (most recent call last):
[2026-07-27 02:14:16] [ERROR]   File "D:\MSc-Research\Healthcare-risk-engine\src\wazuh_live_collector.py", line 288, in <module>
[2026-07-27 02:14:16] [ERROR]     raise SystemExit(main())
[2026-07-27 02:14:16] [ERROR]                      ~~~~^^
[2026-07-27 02:14:16] [ERROR]   File "D:\MSc-Research\Healthcare-risk-engine\src\wazuh_live_collector.py", line 238, in main
[2026-07-27 02:14:16] [ERROR]     environment_id = resolve_environment_id(
[2026-07-27 02:14:16] [ERROR]         args.environment
[2026-07-27 02:14:16] [ERROR]     )
[2026-07-27 02:14:16] [ERROR]   File "D:\MSc-Research\Healthcare-risk-engine\src\event_environment.py", line 42, in resolve_environment_id
[2026-07-27 02:14:16] [ERROR]     raise EventEnvironmentError(
[2026-07-27 02:14:16] [ERROR]     ...<2 lines>...
[2026-07-27 02:14:16] [ERROR]     )
[2026-07-27 02:14:16] [ERROR] event_environment.EventEnvironmentError: Environment ID is required. Use --environment or set ENVIRONMENT_ID.
[2026-07-27 02:14:16] [ERROR] Wazuh live collection failed with exit code 1
[2026-07-27 02:14:16] [INFO] Next cycle starts in 29 second(s).
[2026-07-27 02:14:45] [INFO] Beginning pipeline cycle.
[2026-07-27 02:14:45] [INFO] OpenSearch tunnel is already available on localhost:9200.
[2026-07-27 02:14:45] [INFO] Starting: Wazuh live collection
[2026-07-27 02:14:46] [ERROR] Traceback (most recent call last):
[2026-07-27 02:14:46] [ERROR]   File "D:\MSc-Research\Healthcare-risk-engine\src\wazuh_live_collector.py", line 288, in <module>
[2026-07-27 02:14:46] [ERROR]     raise SystemExit(main())
[2026-07-27 02:14:46] [ERROR]                      ~~~~^^
[2026-07-27 02:14:46] [ERROR]   File "D:\MSc-Research\Healthcare-risk-engine\src\wazuh_live_collector.py", line 238, in main
[2026-07-27 02:14:46] [ERROR]     environment_id = resolve_environment_id(
[2026-07-27 02:14:46] [ERROR]         args.environment
[2026-07-27 02:14:46] [ERROR]     )
[2026-07-27 02:14:46] [ERROR]   File "D:\MSc-Research\Healthcare-risk-engine\src\event_environment.py", line 42, in resolve_environment_id
[2026-07-27 02:14:46] [ERROR]     raise EventEnvironmentError(
[2026-07-27 02:14:46] [ERROR]     ...<2 lines>...
[2026-07-27 02:14:46] [ERROR]     )
[2026-07-27 02:14:46] [ERROR] event_environment.EventEnvironmentError: Environment ID is required. Use --environment or set ENVIRONMENT_ID.
[2026-07-27 02:14:46] [ERROR] Wazuh live collection failed with exit code 1
[2026-07-27 02:14:46] [INFO] Next cycle starts in 29 second(s).
[2026-07-27 02:15:15] [INFO] Beginning pipeline cycle.
[2026-07-27 02:15:15] [INFO] OpenSearch tunnel is already available on localhost:9200.
[2026-07-27 02:15:15] [INFO] Starting: Wazuh live collection
[2026-07-27 02:15:15] [ERROR] Traceback (most recent call last):
[2026-07-27 02:15:15] [ERROR]   File "D:\MSc-Research\Healthcare-risk-engine\src\wazuh_live_collector.py", line 288, in <module>
[2026-07-27 02:15:15] [ERROR]     raise SystemExit(main())
[2026-07-27 02:15:15] [ERROR]                      ~~~~^^
[2026-07-27 02:15:15] [ERROR]   File "D:\MSc-Research\Healthcare-risk-engine\src\wazuh_live_collector.py", line 238, in main
[2026-07-27 02:15:15] [ERROR]     environment_id = resolve_environment_id(
[2026-07-27 02:15:15] [ERROR]         args.environment
[2026-07-27 02:15:15] [ERROR]     )
[2026-07-27 02:15:15] [ERROR]   File "D:\MSc-Research\Healthcare-risk-engine\src\event_environment.py", line 42, in resolve_environment_id
[2026-07-27 02:15:15] [ERROR]     raise EventEnvironmentError(
[2026-07-27 02:15:15] [ERROR]     ...<2 lines>...
[2026-07-27 02:15:15] [ERROR]     )
[2026-07-27 02:15:15] [ERROR] event_environment.EventEnvironmentError: Environment ID is required. Use --environment or set ENVIRONMENT_ID.
[2026-07-27 02:15:15] [ERROR] Wazuh live collection failed with exit code 1
[2026-07-27 02:15:15] [INFO] Next cycle starts in 29 second(s).
[2026-07-27 02:15:44] [INFO] Beginning pipeline cycle.
[2026-07-27 02:15:44] [INFO] OpenSearch tunnel is already available on localhost:9200.
[2026-07-27 02:15:44] [INFO] Starting: Wazuh live collection
[2026-07-27 02:15:45] [ERROR] Traceback (most recent call last):
[2026-07-27 02:15:45] [ERROR]   File "D:\MSc-Research\Healthcare-risk-engine\src\wazuh_live_collector.py", line 288, in <module>
[2026-07-27 02:15:45] [ERROR]     raise SystemExit(main())
[2026-07-27 02:15:45] [ERROR]                      ~~~~^^
[2026-07-27 02:15:45] [ERROR]   File "D:\MSc-Research\Healthcare-risk-engine\src\wazuh_live_collector.py", line 238, in main
[2026-07-27 02:15:45] [ERROR]     environment_id = resolve_environment_id(
[2026-07-27 02:15:45] [ERROR]         args.environment
[2026-07-27 02:15:45] [ERROR]     )
[2026-07-27 02:15:45] [ERROR]   File "D:\MSc-Research\Healthcare-risk-engine\src\event_environment.py", line 42, in resolve_environment_id
[2026-07-27 02:15:45] [ERROR]     raise EventEnvironmentError(
[2026-07-27 02:15:45] [ERROR]     ...<2 lines>...
[2026-07-27 02:15:45] [ERROR]     )
[2026-07-27 02:15:45] [ERROR] event_environment.EventEnvironmentError: Environment ID is required. Use --environment or set ENVIRONMENT_ID.
[2026-07-27 02:15:45] [ERROR] Wazuh live collection failed with exit code 1
[2026-07-27 02:15:45] [INFO] Next cycle starts in 29 second(s).
[2026-07-27 02:16:14] [INFO] Beginning pipeline cycle.
[2026-07-27 02:16:14] [INFO] OpenSearch tunnel is already available on localhost:9200.
[2026-07-27 02:16:14] [INFO] Starting: Wazuh live collection
[2026-07-27 02:16:14] [ERROR] Traceback (most recent call last):
[2026-07-27 02:16:14] [ERROR]   File "D:\MSc-Research\Healthcare-risk-engine\src\wazuh_live_collector.py", line 288, in <module>
[2026-07-27 02:16:14] [ERROR]     raise SystemExit(main())
[2026-07-27 02:16:14] [ERROR]                      ~~~~^^
[2026-07-27 02:16:14] [ERROR]   File "D:\MSc-Research\Healthcare-risk-engine\src\wazuh_live_collector.py", line 238, in main
[2026-07-27 02:16:14] [ERROR]     environment_id = resolve_environment_id(
[2026-07-27 02:16:14] [ERROR]         args.environment
[2026-07-27 02:16:14] [ERROR]     )
[2026-07-27 02:16:14] [ERROR]   File "D:\MSc-Research\Healthcare-risk-engine\src\event_environment.py", line 42, in resolve_environment_id
[2026-07-27 02:16:14] [ERROR]     raise EventEnvironmentError(
[2026-07-27 02:16:14] [ERROR]     ...<2 lines>...
[2026-07-27 02:16:14] [ERROR]     )
[2026-07-27 02:16:14] [ERROR] event_environment.EventEnvironmentError: Environment ID is required. Use --environment or set ENVIRONMENT_ID.
[2026-07-27 02:16:14] [ERROR] Wazuh live collection failed with exit code 1
[2026-07-27 02:16:14] [INFO] Next cycle starts in 29 second(s).
[2026-07-27 02:16:43] [INFO] Beginning pipeline cycle.
[2026-07-27 02:16:43] [INFO] OpenSearch tunnel is already available on localhost:9200.
[2026-07-27 02:16:43] [INFO] Starting: Wazuh live collection
[2026-07-27 02:16:44] [ERROR] Traceback (most recent call last):
[2026-07-27 02:16:44] [ERROR]   File "D:\MSc-Research\Healthcare-risk-engine\src\wazuh_live_collector.py", line 288, in <module>
[2026-07-27 02:16:44] [ERROR]     raise SystemExit(main())
[2026-07-27 02:16:44] [ERROR]                      ~~~~^^
[2026-07-27 02:16:44] [ERROR]   File "D:\MSc-Research\Healthcare-risk-engine\src\wazuh_live_collector.py", line 238, in main
[2026-07-27 02:16:44] [ERROR]     environment_id = resolve_environment_id(
[2026-07-27 02:16:44] [ERROR]         args.environment
[2026-07-27 02:16:44] [ERROR]     )
[2026-07-27 02:16:44] [ERROR]   File "D:\MSc-Research\Healthcare-risk-engine\src\event_environment.py", line 42, in resolve_environment_id
[2026-07-27 02:16:44] [ERROR]     raise EventEnvironmentError(
[2026-07-27 02:16:44] [ERROR]     ...<2 lines>...
[2026-07-27 02:16:44] [ERROR]     )
[2026-07-27 02:16:44] [ERROR] event_environment.EventEnvironmentError: Environment ID is required. Use --environment or set ENVIRONMENT_ID.
[2026-07-27 02:16:44] [ERROR] Wazuh live collection failed with exit code 1
[2026-07-27 02:16:44] [INFO] Next cycle starts in 29 second(s).
[2026-07-27 02:17:13] [INFO] Beginning pipeline cycle.
[2026-07-27 02:17:13] [INFO] OpenSearch tunnel is already available on localhost:9200.
[2026-07-27 02:17:13] [INFO] Starting: Wazuh live collection
[2026-07-27 02:17:13] [ERROR] Traceback (most recent call last):
[2026-07-27 02:17:13] [ERROR]   File "D:\MSc-Research\Healthcare-risk-engine\src\wazuh_live_collector.py", line 288, in <module>
[2026-07-27 02:17:13] [ERROR]     raise SystemExit(main())
[2026-07-27 02:17:13] [ERROR]                      ~~~~^^
[2026-07-27 02:17:13] [ERROR]   File "D:\MSc-Research\Healthcare-risk-engine\src\wazuh_live_collector.py", line 238, in main
[2026-07-27 02:17:13] [ERROR]     environment_id = resolve_environment_id(
[2026-07-27 02:17:13] [ERROR]         args.environment
[2026-07-27 02:17:13] [ERROR]     )
[2026-07-27 02:17:13] [ERROR]   File "D:\MSc-Research\Healthcare-risk-engine\src\event_environment.py", line 42, in resolve_environment_id
[2026-07-27 02:17:13] [ERROR]     raise EventEnvironmentError(
[2026-07-27 02:17:13] [ERROR]     ...<2 lines>...
[2026-07-27 02:17:13] [ERROR]     )
[2026-07-27 02:17:13] [ERROR] event_environment.EventEnvironmentError: Environment ID is required. Use --environment or set ENVIRONMENT_ID.
[2026-07-27 02:17:13] [ERROR] Wazuh live collection failed with exit code 1
[2026-07-27 02:17:13] [INFO] Next cycle starts in 29 second(s).
[2026-07-27 02:17:42] [INFO] Beginning pipeline cycle.
[2026-07-27 02:17:42] [INFO] OpenSearch tunnel is already available on localhost:9200.
[2026-07-27 02:17:42] [INFO] Starting: Wazuh live collection
[2026-07-27 02:17:43] [ERROR] Traceback (most recent call last):
[2026-07-27 02:17:43] [ERROR]   File "D:\MSc-Research\Healthcare-risk-engine\src\wazuh_live_collector.py", line 288, in <module>
[2026-07-27 02:17:43] [ERROR]     raise SystemExit(main())
[2026-07-27 02:17:43] [ERROR]                      ~~~~^^
[2026-07-27 02:17:43] [ERROR]   File "D:\MSc-Research\Healthcare-risk-engine\src\wazuh_live_collector.py", line 238, in main
[2026-07-27 02:17:43] [ERROR]     environment_id = resolve_environment_id(
[2026-07-27 02:17:43] [ERROR]         args.environment
[2026-07-27 02:17:43] [ERROR]     )
[2026-07-27 02:17:43] [ERROR]   File "D:\MSc-Research\Healthcare-risk-engine\src\event_environment.py", line 42, in resolve_environment_id
[2026-07-27 02:17:43] [ERROR]     raise EventEnvironmentError(
[2026-07-27 02:17:43] [ERROR]     ...<2 lines>...
[2026-07-27 02:17:43] [ERROR]     )
[2026-07-27 02:17:43] [ERROR] event_environment.EventEnvironmentError: Environment ID is required. Use --environment or set ENVIRONMENT_ID.
[2026-07-27 02:17:43] [ERROR] Wazuh live collection failed with exit code 1
[2026-07-27 02:17:43] [INFO] Next cycle starts in 29 second(s).
[2026-07-27 02:18:12] [INFO] Beginning pipeline cycle.
[2026-07-27 02:18:12] [INFO] OpenSearch tunnel is already available on localhost:9200.
[2026-07-27 02:18:12] [INFO] Starting: Wazuh live collection
[2026-07-27 02:18:12] [ERROR] Traceback (most recent call last):
[2026-07-27 02:18:12] [ERROR]   File "D:\MSc-Research\Healthcare-risk-engine\src\wazuh_live_collector.py", line 288, in <module>
[2026-07-27 02:18:12] [ERROR]     raise SystemExit(main())
[2026-07-27 02:18:12] [ERROR]                      ~~~~^^
[2026-07-27 02:18:12] [ERROR]   File "D:\MSc-Research\Healthcare-risk-engine\src\wazuh_live_collector.py", line 238, in main
[2026-07-27 02:18:12] [ERROR]     environment_id = resolve_environment_id(
[2026-07-27 02:18:12] [ERROR]         args.environment
[2026-07-27 02:18:12] [ERROR]     )
[2026-07-27 02:18:12] [ERROR]   File "D:\MSc-Research\Healthcare-risk-engine\src\event_environment.py", line 42, in resolve_environment_id
[2026-07-27 02:18:12] [ERROR]     raise EventEnvironmentError(
[2026-07-27 02:18:12] [ERROR]     ...<2 lines>...
[2026-07-27 02:18:12] [ERROR]     )
[2026-07-27 02:18:12] [ERROR] event_environment.EventEnvironmentError: Environment ID is required. Use --environment or set ENVIRONMENT_ID.
[2026-07-27 02:18:12] [ERROR] Wazuh live collection failed with exit code 1
[2026-07-27 02:18:12] [INFO] Next cycle starts in 29 second(s).
[2026-07-27 02:18:41] [INFO] Beginning pipeline cycle.
[2026-07-27 02:18:41] [INFO] OpenSearch tunnel is already available on localhost:9200.
[2026-07-27 02:18:41] [INFO] Starting: Wazuh live collection
[2026-07-27 02:18:42] [ERROR] Traceback (most recent call last):
[2026-07-27 02:18:42] [ERROR]   File "D:\MSc-Research\Healthcare-risk-engine\src\wazuh_live_collector.py", line 288, in <module>
[2026-07-27 02:18:42] [ERROR]     raise SystemExit(main())
[2026-07-27 02:18:42] [ERROR]                      ~~~~^^
[2026-07-27 02:18:42] [ERROR]   File "D:\MSc-Research\Healthcare-risk-engine\src\wazuh_live_collector.py", line 238, in main
[2026-07-27 02:18:42] [ERROR]     environment_id = resolve_environment_id(
[2026-07-27 02:18:42] [ERROR]         args.environment
[2026-07-27 02:18:42] [ERROR]     )
[2026-07-27 02:18:42] [ERROR]   File "D:\MSc-Research\Healthcare-risk-engine\src\event_environment.py", line 42, in resolve_environment_id
[2026-07-27 02:18:42] [ERROR]     raise EventEnvironmentError(
[2026-07-27 02:18:42] [ERROR]     ...<2 lines>...
[2026-07-27 02:18:42] [ERROR]     )
[2026-07-27 02:18:42] [ERROR] event_environment.EventEnvironmentError: Environment ID is required. Use --environment or set ENVIRONMENT_ID.
[2026-07-27 02:18:42] [ERROR] Wazuh live collection failed with exit code 1
[2026-07-27 02:18:42] [INFO] Next cycle starts in 29 second(s).
[2026-07-27 02:19:11] [INFO] Beginning pipeline cycle.
[2026-07-27 02:19:11] [INFO] OpenSearch tunnel is already available on localhost:9200.
[2026-07-27 02:19:11] [INFO] Starting: Wazuh live collection
[2026-07-27 02:19:11] [ERROR] Traceback (most recent call last):
[2026-07-27 02:19:11] [ERROR]   File "D:\MSc-Research\Healthcare-risk-engine\src\wazuh_live_collector.py", line 288, in <module>
[2026-07-27 02:19:11] [ERROR]     raise SystemExit(main())
[2026-07-27 02:19:11] [ERROR]                      ~~~~^^
[2026-07-27 02:19:11] [ERROR]   File "D:\MSc-Research\Healthcare-risk-engine\src\wazuh_live_collector.py", line 238, in main
[2026-07-27 02:19:11] [ERROR]     environment_id = resolve_environment_id(
[2026-07-27 02:19:11] [ERROR]         args.environment
[2026-07-27 02:19:11] [ERROR]     )
[2026-07-27 02:19:11] [ERROR]   File "D:\MSc-Research\Healthcare-risk-engine\src\event_environment.py", line 42, in resolve_environment_id
[2026-07-27 02:19:11] [ERROR]     raise EventEnvironmentError(
[2026-07-27 02:19:11] [ERROR]     ...<2 lines>...
[2026-07-27 02:19:11] [ERROR]     )
[2026-07-27 02:19:11] [ERROR] event_environment.EventEnvironmentError: Environment ID is required. Use --environment or set ENVIRONMENT_ID.
[2026-07-27 02:19:11] [ERROR] Wazuh live collection failed with exit code 1
[2026-07-27 02:19:11] [INFO] Next cycle starts in 29 second(s).
[2026-07-27 02:19:40] [INFO] Beginning pipeline cycle.
[2026-07-27 02:19:40] [INFO] OpenSearch tunnel is already available on localhost:9200.
[2026-07-27 02:19:40] [INFO] Starting: Wazuh live collection
[2026-07-27 02:19:41] [ERROR] Traceback (most recent call last):
[2026-07-27 02:19:41] [ERROR]   File "D:\MSc-Research\Healthcare-risk-engine\src\wazuh_live_collector.py", line 288, in <module>
[2026-07-27 02:19:41] [ERROR]     raise SystemExit(main())
[2026-07-27 02:19:41] [ERROR]                      ~~~~^^
[2026-07-27 02:19:41] [ERROR]   File "D:\MSc-Research\Healthcare-risk-engine\src\wazuh_live_collector.py", line 238, in main
[2026-07-27 02:19:41] [ERROR]     environment_id = resolve_environment_id(
[2026-07-27 02:19:41] [ERROR]         args.environment
[2026-07-27 02:19:41] [ERROR]     )
[2026-07-27 02:19:41] [ERROR]   File "D:\MSc-Research\Healthcare-risk-engine\src\event_environment.py", line 42, in resolve_environment_id
[2026-07-27 02:19:41] [ERROR]     raise EventEnvironmentError(
[2026-07-27 02:19:41] [ERROR]     ...<2 lines>...
[2026-07-27 02:19:41] [ERROR]     )
[2026-07-27 02:19:41] [ERROR] event_environment.EventEnvironmentError: Environment ID is required. Use --environment or set ENVIRONMENT_ID.
[2026-07-27 02:19:41] [ERROR] Wazuh live collection failed with exit code 1
[2026-07-27 02:19:41] [INFO] Next cycle starts in 29 second(s).
[2026-07-27 02:20:10] [INFO] Beginning pipeline cycle.
[2026-07-27 02:20:10] [INFO] OpenSearch tunnel is already available on localhost:9200.
[2026-07-27 02:20:10] [INFO] Starting: Wazuh live collection
[2026-07-27 02:20:10] [ERROR] Traceback (most recent call last):
[2026-07-27 02:20:10] [ERROR]   File "D:\MSc-Research\Healthcare-risk-engine\src\wazuh_live_collector.py", line 288, in <module>
[2026-07-27 02:20:10] [ERROR]     raise SystemExit(main())
[2026-07-27 02:20:10] [ERROR]                      ~~~~^^
[2026-07-27 02:20:10] [ERROR]   File "D:\MSc-Research\Healthcare-risk-engine\src\wazuh_live_collector.py", line 238, in main
[2026-07-27 02:20:10] [ERROR]     environment_id = resolve_environment_id(
[2026-07-27 02:20:10] [ERROR]         args.environment
[2026-07-27 02:20:10] [ERROR]     )
[2026-07-27 02:20:10] [ERROR]   File "D:\MSc-Research\Healthcare-risk-engine\src\event_environment.py", line 42, in resolve_environment_id
[2026-07-27 02:20:10] [ERROR]     raise EventEnvironmentError(
[2026-07-27 02:20:10] [ERROR]     ...<2 lines>...
[2026-07-27 02:20:10] [ERROR]     )
[2026-07-27 02:20:10] [ERROR] event_environment.EventEnvironmentError: Environment ID is required. Use --environment or set ENVIRONMENT_ID.
[2026-07-27 02:20:10] [ERROR] Wazuh live collection failed with exit code 1
[2026-07-27 02:20:10] [INFO] Next cycle starts in 29 second(s).
[2026-07-27 02:20:39] [INFO] Beginning pipeline cycle.
[2026-07-27 02:20:40] [INFO] OpenSearch tunnel is already available on localhost:9200.
[2026-07-27 02:20:40] [INFO] Starting: Wazuh live collection
[2026-07-27 02:20:40] [ERROR] Traceback (most recent call last):
[2026-07-27 02:20:40] [ERROR]   File "D:\MSc-Research\Healthcare-risk-engine\src\wazuh_live_collector.py", line 288, in <module>
[2026-07-27 02:20:40] [ERROR]     raise SystemExit(main())
[2026-07-27 02:20:40] [ERROR]                      ~~~~^^
[2026-07-27 02:20:40] [ERROR]   File "D:\MSc-Research\Healthcare-risk-engine\src\wazuh_live_collector.py", line 238, in main
[2026-07-27 02:20:40] [ERROR]     environment_id = resolve_environment_id(
[2026-07-27 02:20:40] [ERROR]         args.environment
[2026-07-27 02:20:40] [ERROR]     )
[2026-07-27 02:20:40] [ERROR]   File "D:\MSc-Research\Healthcare-risk-engine\src\event_environment.py", line 42, in resolve_environment_id
[2026-07-27 02:20:40] [ERROR]     raise EventEnvironmentError(
[2026-07-27 02:20:40] [ERROR]     ...<2 lines>...
[2026-07-27 02:20:40] [ERROR]     )
[2026-07-27 02:20:40] [ERROR] event_environment.EventEnvironmentError: Environment ID is required. Use --environment or set ENVIRONMENT_ID.
[2026-07-27 02:20:40] [ERROR] Wazuh live collection failed with exit code 1
[2026-07-27 02:20:40] [INFO] Next cycle starts in 29 second(s).
[2026-07-27 02:21:09] [INFO] Beginning pipeline cycle.
[2026-07-27 02:21:09] [INFO] OpenSearch tunnel is already available on localhost:9200.
[2026-07-27 02:21:09] [INFO] Starting: Wazuh live collection
[2026-07-27 02:21:09] [ERROR] Traceback (most recent call last):
[2026-07-27 02:21:09] [ERROR]   File "D:\MSc-Research\Healthcare-risk-engine\src\wazuh_live_collector.py", line 288, in <module>
[2026-07-27 02:21:09] [ERROR]     raise SystemExit(main())
[2026-07-27 02:21:09] [ERROR]                      ~~~~^^
[2026-07-27 02:21:09] [ERROR]   File "D:\MSc-Research\Healthcare-risk-engine\src\wazuh_live_collector.py", line 238, in main
[2026-07-27 02:21:09] [ERROR]     environment_id = resolve_environment_id(
[2026-07-27 02:21:09] [ERROR]         args.environment
[2026-07-27 02:21:09] [ERROR]     )
[2026-07-27 02:21:09] [ERROR]   File "D:\MSc-Research\Healthcare-risk-engine\src\event_environment.py", line 42, in resolve_environment_id
[2026-07-27 02:21:09] [ERROR]     raise EventEnvironmentError(
[2026-07-27 02:21:09] [ERROR]     ...<2 lines>...
[2026-07-27 02:21:09] [ERROR]     )
[2026-07-27 02:21:09] [ERROR] event_environment.EventEnvironmentError: Environment ID is required. Use --environment or set ENVIRONMENT_ID.
[2026-07-27 02:21:09] [ERROR] Wazuh live collection failed with exit code 1
[2026-07-27 02:21:09] [INFO] Next cycle starts in 29 second(s).
[2026-07-27 02:21:38] [INFO] Beginning pipeline cycle.
[2026-07-27 02:21:38] [INFO] OpenSearch tunnel is already available on localhost:9200.
[2026-07-27 02:21:38] [INFO] Starting: Wazuh live collection
[2026-07-27 02:21:39] [ERROR] Traceback (most recent call last):
[2026-07-27 02:21:39] [ERROR]   File "D:\MSc-Research\Healthcare-risk-engine\src\wazuh_live_collector.py", line 288, in <module>
[2026-07-27 02:21:39] [ERROR]     raise SystemExit(main())
[2026-07-27 02:21:39] [ERROR]                      ~~~~^^
[2026-07-27 02:21:39] [ERROR]   File "D:\MSc-Research\Healthcare-risk-engine\src\wazuh_live_collector.py", line 238, in main
[2026-07-27 02:21:39] [ERROR]     environment_id = resolve_environment_id(
[2026-07-27 02:21:39] [ERROR]         args.environment
[2026-07-27 02:21:39] [ERROR]     )
[2026-07-27 02:21:39] [ERROR]   File "D:\MSc-Research\Healthcare-risk-engine\src\event_environment.py", line 42, in resolve_environment_id
[2026-07-27 02:21:39] [ERROR]     raise EventEnvironmentError(
[2026-07-27 02:21:39] [ERROR]     ...<2 lines>...
[2026-07-27 02:21:39] [ERROR]     )
[2026-07-27 02:21:39] [ERROR] event_environment.EventEnvironmentError: Environment ID is required. Use --environment or set ENVIRONMENT_ID.
[2026-07-27 02:21:39] [ERROR] Wazuh live collection failed with exit code 1
[2026-07-27 02:21:39] [INFO] Next cycle starts in 29 second(s).
[2026-07-27 02:22:08] [INFO] Beginning pipeline cycle.
[2026-07-27 02:22:08] [INFO] OpenSearch tunnel is already available on localhost:9200.
[2026-07-27 02:22:08] [INFO] Starting: Wazuh live collection
[2026-07-27 02:22:08] [ERROR] Traceback (most recent call last):
[2026-07-27 02:22:08] [ERROR]   File "D:\MSc-Research\Healthcare-risk-engine\src\wazuh_live_collector.py", line 288, in <module>
[2026-07-27 02:22:08] [ERROR]     raise SystemExit(main())
[2026-07-27 02:22:08] [ERROR]                      ~~~~^^
[2026-07-27 02:22:08] [ERROR]   File "D:\MSc-Research\Healthcare-risk-engine\src\wazuh_live_collector.py", line 238, in main
[2026-07-27 02:22:08] [ERROR]     environment_id = resolve_environment_id(
[2026-07-27 02:22:08] [ERROR]         args.environment
[2026-07-27 02:22:08] [ERROR]     )
[2026-07-27 02:22:08] [ERROR]   File "D:\MSc-Research\Healthcare-risk-engine\src\event_environment.py", line 42, in resolve_environment_id
[2026-07-27 02:22:08] [ERROR]     raise EventEnvironmentError(
[2026-07-27 02:22:08] [ERROR]     ...<2 lines>...
[2026-07-27 02:22:08] [ERROR]     )
[2026-07-27 02:22:08] [ERROR] event_environment.EventEnvironmentError: Environment ID is required. Use --environment or set ENVIRONMENT_ID.
[2026-07-27 02:22:08] [ERROR] Wazuh live collection failed with exit code 1
[2026-07-27 02:22:08] [INFO] Next cycle starts in 29 second(s).
[2026-07-27 02:22:37] [INFO] Beginning pipeline cycle.
[2026-07-27 02:22:37] [INFO] OpenSearch tunnel is already available on localhost:9200.
[2026-07-27 02:22:37] [INFO] Starting: Wazuh live collection
[2026-07-27 02:22:38] [ERROR] Traceback (most recent call last):
[2026-07-27 02:22:38] [ERROR]   File "D:\MSc-Research\Healthcare-risk-engine\src\wazuh_live_collector.py", line 288, in <module>
[2026-07-27 02:22:38] [ERROR]     raise SystemExit(main())
[2026-07-27 02:22:38] [ERROR]                      ~~~~^^
[2026-07-27 02:22:38] [ERROR]   File "D:\MSc-Research\Healthcare-risk-engine\src\wazuh_live_collector.py", line 238, in main
[2026-07-27 02:22:38] [ERROR]     environment_id = resolve_environment_id(
[2026-07-27 02:22:38] [ERROR]         args.environment
[2026-07-27 02:22:38] [ERROR]     )
[2026-07-27 02:22:38] [ERROR]   File "D:\MSc-Research\Healthcare-risk-engine\src\event_environment.py", line 42, in resolve_environment_id
[2026-07-27 02:22:38] [ERROR]     raise EventEnvironmentError(
[2026-07-27 02:22:38] [ERROR]     ...<2 lines>...
[2026-07-27 02:22:38] [ERROR]     )
[2026-07-27 02:22:38] [ERROR] event_environment.EventEnvironmentError: Environment ID is required. Use --environment or set ENVIRONMENT_ID.
[2026-07-27 02:22:38] [ERROR] Wazuh live collection failed with exit code 1
[2026-07-27 02:22:38] [INFO] Next cycle starts in 29 second(s).
[2026-07-27 02:23:07] [INFO] Beginning pipeline cycle.
[2026-07-27 02:23:07] [INFO] OpenSearch tunnel is already available on localhost:9200.
[2026-07-27 02:23:07] [INFO] Starting: Wazuh live collection
[2026-07-27 02:23:07] [ERROR] Traceback (most recent call last):
[2026-07-27 02:23:07] [ERROR]   File "D:\MSc-Research\Healthcare-risk-engine\src\wazuh_live_collector.py", line 288, in <module>
[2026-07-27 02:23:07] [ERROR]     raise SystemExit(main())
[2026-07-27 02:23:07] [ERROR]                      ~~~~^^
[2026-07-27 02:23:07] [ERROR]   File "D:\MSc-Research\Healthcare-risk-engine\src\wazuh_live_collector.py", line 238, in main
[2026-07-27 02:23:07] [ERROR]     environment_id = resolve_environment_id(
[2026-07-27 02:23:07] [ERROR]         args.environment
[2026-07-27 02:23:07] [ERROR]     )
[2026-07-27 02:23:07] [ERROR]   File "D:\MSc-Research\Healthcare-risk-engine\src\event_environment.py", line 42, in resolve_environment_id
[2026-07-27 02:23:07] [ERROR]     raise EventEnvironmentError(
[2026-07-27 02:23:07] [ERROR]     ...<2 lines>...
[2026-07-27 02:23:07] [ERROR]     )
[2026-07-27 02:23:07] [ERROR] event_environment.EventEnvironmentError: Environment ID is required. Use --environment or set ENVIRONMENT_ID.
[2026-07-27 02:23:07] [ERROR] Wazuh live collection failed with exit code 1
[2026-07-27 02:23:07] [INFO] Next cycle starts in 29 second(s).
[2026-07-27 02:23:36] [INFO] Beginning pipeline cycle.
[2026-07-27 02:23:36] [INFO] OpenSearch tunnel is already available on localhost:9200.
[2026-07-27 02:23:36] [INFO] Starting: Wazuh live collection
[2026-07-27 02:23:37] [ERROR] Traceback (most recent call last):
[2026-07-27 02:23:37] [ERROR]   File "D:\MSc-Research\Healthcare-risk-engine\src\wazuh_live_collector.py", line 288, in <module>
[2026-07-27 02:23:37] [ERROR]     raise SystemExit(main())
[2026-07-27 02:23:37] [ERROR]                      ~~~~^^
[2026-07-27 02:23:37] [ERROR]   File "D:\MSc-Research\Healthcare-risk-engine\src\wazuh_live_collector.py", line 238, in main
[2026-07-27 02:23:37] [ERROR]     environment_id = resolve_environment_id(
[2026-07-27 02:23:37] [ERROR]         args.environment
[2026-07-27 02:23:37] [ERROR]     )
[2026-07-27 02:23:37] [ERROR]   File "D:\MSc-Research\Healthcare-risk-engine\src\event_environment.py", line 42, in resolve_environment_id
[2026-07-27 02:23:37] [ERROR]     raise EventEnvironmentError(
[2026-07-27 02:23:37] [ERROR]     ...<2 lines>...
[2026-07-27 02:23:37] [ERROR]     )
[2026-07-27 02:23:37] [ERROR] event_environment.EventEnvironmentError: Environment ID is required. Use --environment or set ENVIRONMENT_ID.
[2026-07-27 02:23:37] [ERROR] Wazuh live collection failed with exit code 1
[2026-07-27 02:23:37] [INFO] Next cycle starts in 29 second(s).
[2026-07-27 02:24:06] [INFO] Beginning pipeline cycle.
[2026-07-27 02:24:06] [INFO] OpenSearch tunnel is already available on localhost:9200.
[2026-07-27 02:24:06] [INFO] Starting: Wazuh live collection
[2026-07-27 02:24:07] [ERROR] Traceback (most recent call last):
[2026-07-27 02:24:07] [ERROR]   File "D:\MSc-Research\Healthcare-risk-engine\src\wazuh_live_collector.py", line 288, in <module>
[2026-07-27 02:24:07] [ERROR]     raise SystemExit(main())
[2026-07-27 02:24:07] [ERROR]                      ~~~~^^
[2026-07-27 02:24:07] [ERROR]   File "D:\MSc-Research\Healthcare-risk-engine\src\wazuh_live_collector.py", line 238, in main
[2026-07-27 02:24:07] [ERROR]     environment_id = resolve_environment_id(
[2026-07-27 02:24:07] [ERROR]         args.environment
[2026-07-27 02:24:07] [ERROR]     )
[2026-07-27 02:24:07] [ERROR]   File "D:\MSc-Research\Healthcare-risk-engine\src\event_environment.py", line 42, in resolve_environment_id
[2026-07-27 02:24:07] [ERROR]     raise EventEnvironmentError(
[2026-07-27 02:24:07] [ERROR]     ...<2 lines>...
[2026-07-27 02:24:07] [ERROR]     )
[2026-07-27 02:24:07] [ERROR] event_environment.EventEnvironmentError: Environment ID is required. Use --environment or set ENVIRONMENT_ID.
[2026-07-27 02:24:07] [ERROR] Wazuh live collection failed with exit code 1
[2026-07-27 02:24:07] [INFO] Next cycle starts in 29 second(s).
[2026-07-27 02:24:36] [INFO] Beginning pipeline cycle.
[2026-07-27 02:24:36] [INFO] OpenSearch tunnel is already available on localhost:9200.
[2026-07-27 02:24:36] [INFO] Starting: Wazuh live collection
[2026-07-27 02:24:36] [ERROR] Traceback (most recent call last):
[2026-07-27 02:24:36] [ERROR]   File "D:\MSc-Research\Healthcare-risk-engine\src\wazuh_live_collector.py", line 288, in <module>
[2026-07-27 02:24:36] [ERROR]     raise SystemExit(main())
[2026-07-27 02:24:36] [ERROR]                      ~~~~^^
[2026-07-27 02:24:36] [ERROR]   File "D:\MSc-Research\Healthcare-risk-engine\src\wazuh_live_collector.py", line 238, in main
[2026-07-27 02:24:36] [ERROR]     environment_id = resolve_environment_id(
[2026-07-27 02:24:36] [ERROR]         args.environment
[2026-07-27 02:24:36] [ERROR]     )
[2026-07-27 02:24:36] [ERROR]   File "D:\MSc-Research\Healthcare-risk-engine\src\event_environment.py", line 42, in resolve_environment_id
[2026-07-27 02:24:36] [ERROR]     raise EventEnvironmentError(
[2026-07-27 02:24:36] [ERROR]     ...<2 lines>...
[2026-07-27 02:24:36] [ERROR]     )
[2026-07-27 02:24:36] [ERROR] event_environment.EventEnvironmentError: Environment ID is required. Use --environment or set ENVIRONMENT_ID.
[2026-07-27 02:24:36] [ERROR] Wazuh live collection failed with exit code 1
[2026-07-27 02:24:36] [INFO] Next cycle starts in 29 second(s).
[2026-07-27 02:25:05] [INFO] Beginning pipeline cycle.
[2026-07-27 02:25:05] [INFO] OpenSearch tunnel is already available on localhost:9200.
[2026-07-27 02:25:05] [INFO] Starting: Wazuh live collection
[2026-07-27 02:25:05] [ERROR] Traceback (most recent call last):
[2026-07-27 02:25:05] [ERROR]   File "D:\MSc-Research\Healthcare-risk-engine\src\wazuh_live_collector.py", line 288, in <module>
[2026-07-27 02:25:05] [ERROR]     raise SystemExit(main())
[2026-07-27 02:25:05] [ERROR]                      ~~~~^^
[2026-07-27 02:25:05] [ERROR]   File "D:\MSc-Research\Healthcare-risk-engine\src\wazuh_live_collector.py", line 238, in main
[2026-07-27 02:25:05] [ERROR]     environment_id = resolve_environment_id(
[2026-07-27 02:25:06] [ERROR]         args.environment
[2026-07-27 02:25:06] [ERROR]     )
[2026-07-27 02:25:06] [ERROR]   File "D:\MSc-Research\Healthcare-risk-engine\src\event_environment.py", line 42, in resolve_environment_id
[2026-07-27 02:25:06] [ERROR]     raise EventEnvironmentError(
[2026-07-27 02:25:06] [ERROR]     ...<2 lines>...
[2026-07-27 02:25:06] [ERROR]     )
[2026-07-27 02:25:06] [ERROR] event_environment.EventEnvironmentError: Environment ID is required. Use --environment or set ENVIRONMENT_ID.
[2026-07-27 02:25:06] [ERROR] Wazuh live collection failed with exit code 1
[2026-07-27 02:25:06] [INFO] Next cycle starts in 29 second(s).
[2026-07-27 02:25:35] [INFO] Beginning pipeline cycle.
[2026-07-27 02:25:35] [INFO] OpenSearch tunnel is already available on localhost:9200.
[2026-07-27 02:25:35] [INFO] Starting: Wazuh live collection
[2026-07-27 02:25:35] [ERROR] Traceback (most recent call last):
[2026-07-27 02:25:35] [ERROR]   File "D:\MSc-Research\Healthcare-risk-engine\src\wazuh_live_collector.py", line 288, in <module>
[2026-07-27 02:25:35] [ERROR]     raise SystemExit(main())
[2026-07-27 02:25:35] [ERROR]                      ~~~~^^
[2026-07-27 02:25:35] [ERROR]   File "D:\MSc-Research\Healthcare-risk-engine\src\wazuh_live_collector.py", line 238, in main
[2026-07-27 02:25:35] [ERROR]     environment_id = resolve_environment_id(
[2026-07-27 02:25:35] [ERROR]         args.environment
[2026-07-27 02:25:35] [ERROR]     )
[2026-07-27 02:25:35] [ERROR]   File "D:\MSc-Research\Healthcare-risk-engine\src\event_environment.py", line 42, in resolve_environment_id
[2026-07-27 02:25:35] [ERROR]     raise EventEnvironmentError(
[2026-07-27 02:25:35] [ERROR]     ...<2 lines>...
[2026-07-27 02:25:35] [ERROR]     )
[2026-07-27 02:25:35] [ERROR] event_environment.EventEnvironmentError: Environment ID is required. Use --environment or set ENVIRONMENT_ID.
[2026-07-27 02:25:35] [ERROR] Wazuh live collection failed with exit code 1
[2026-07-27 02:25:35] [INFO] Next cycle starts in 29 second(s).
[2026-07-27 02:26:04] [INFO] Beginning pipeline cycle.
[2026-07-27 02:26:04] [INFO] OpenSearch tunnel is already available on localhost:9200.
[2026-07-27 02:26:04] [INFO] Starting: Wazuh live collection
[2026-07-27 02:26:04] [ERROR] Traceback (most recent call last):
[2026-07-27 02:26:04] [ERROR]   File "D:\MSc-Research\Healthcare-risk-engine\src\wazuh_live_collector.py", line 288, in <module>
[2026-07-27 02:26:04] [ERROR]     raise SystemExit(main())
[2026-07-27 02:26:04] [ERROR]                      ~~~~^^
[2026-07-27 02:26:04] [ERROR]   File "D:\MSc-Research\Healthcare-risk-engine\src\wazuh_live_collector.py", line 238, in main
[2026-07-27 02:26:04] [ERROR]     environment_id = resolve_environment_id(
[2026-07-27 02:26:04] [ERROR]         args.environment
[2026-07-27 02:26:04] [ERROR]     )
[2026-07-27 02:26:04] [ERROR]   File "D:\MSc-Research\Healthcare-risk-engine\src\event_environment.py", line 42, in resolve_environment_id
[2026-07-27 02:26:04] [ERROR]     raise EventEnvironmentError(
[2026-07-27 02:26:04] [ERROR]     ...<2 lines>...
[2026-07-27 02:26:04] [ERROR]     )
[2026-07-27 02:26:04] [ERROR] event_environment.EventEnvironmentError: Environment ID is required. Use --environment or set ENVIRONMENT_ID.
[2026-07-27 02:26:04] [ERROR] Wazuh live collection failed with exit code 1
[2026-07-27 02:26:04] [INFO] Next cycle starts in 29 second(s).
[2026-07-27 02:26:33] [INFO] Beginning pipeline cycle.
[2026-07-27 02:26:33] [INFO] OpenSearch tunnel is already available on localhost:9200.
[2026-07-27 02:26:34] [INFO] Starting: Wazuh live collection
[2026-07-27 02:26:34] [ERROR] Traceback (most recent call last):
[2026-07-27 02:26:34] [ERROR]   File "D:\MSc-Research\Healthcare-risk-engine\src\wazuh_live_collector.py", line 288, in <module>
[2026-07-27 02:26:34] [ERROR]     raise SystemExit(main())
[2026-07-27 02:26:34] [ERROR]                      ~~~~^^
[2026-07-27 02:26:34] [ERROR]   File "D:\MSc-Research\Healthcare-risk-engine\src\wazuh_live_collector.py", line 238, in main
[2026-07-27 02:26:34] [ERROR]     environment_id = resolve_environment_id(
[2026-07-27 02:26:34] [ERROR]         args.environment
[2026-07-27 02:26:34] [ERROR]     )
[2026-07-27 02:26:34] [ERROR]   File "D:\MSc-Research\Healthcare-risk-engine\src\event_environment.py", line 42, in resolve_environment_id
[2026-07-27 02:26:34] [ERROR]     raise EventEnvironmentError(
[2026-07-27 02:26:34] [ERROR]     ...<2 lines>...
[2026-07-27 02:26:34] [ERROR]     )
[2026-07-27 02:26:34] [ERROR] event_environment.EventEnvironmentError: Environment ID is required. Use --environment or set ENVIRONMENT_ID.
[2026-07-27 02:26:34] [ERROR] Wazuh live collection failed with exit code 1
[2026-07-27 02:26:34] [INFO] Next cycle starts in 29 second(s).
[2026-07-27 02:27:03] [INFO] Beginning pipeline cycle.
[2026-07-27 02:27:03] [INFO] OpenSearch tunnel is already available on localhost:9200.
[2026-07-27 02:27:03] [INFO] Starting: Wazuh live collection
[2026-07-27 02:27:03] [ERROR] Traceback (most recent call last):
[2026-07-27 02:27:03] [ERROR]   File "D:\MSc-Research\Healthcare-risk-engine\src\wazuh_live_collector.py", line 288, in <module>
[2026-07-27 02:27:03] [ERROR]     raise SystemExit(main())
[2026-07-27 02:27:03] [ERROR]                      ~~~~^^
[2026-07-27 02:27:03] [ERROR]   File "D:\MSc-Research\Healthcare-risk-engine\src\wazuh_live_collector.py", line 238, in main
[2026-07-27 02:27:03] [ERROR]     environment_id = resolve_environment_id(
[2026-07-27 02:27:03] [ERROR]         args.environment
[2026-07-27 02:27:03] [ERROR]     )
[2026-07-27 02:27:03] [ERROR]   File "D:\MSc-Research\Healthcare-risk-engine\src\event_environment.py", line 42, in resolve_environment_id
[2026-07-27 02:27:03] [ERROR]     raise EventEnvironmentError(
[2026-07-27 02:27:03] [ERROR]     ...<2 lines>...
[2026-07-27 02:27:03] [ERROR]     )
[2026-07-27 02:27:03] [ERROR] event_environment.EventEnvironmentError: Environment ID is required. Use --environment or set ENVIRONMENT_ID.
[2026-07-27 02:27:03] [ERROR] Wazuh live collection failed with exit code 1
[2026-07-27 02:27:03] [INFO] Next cycle starts in 29 second(s).
[2026-07-27 02:27:32] [INFO] Beginning pipeline cycle.
[2026-07-27 02:27:32] [INFO] OpenSearch tunnel is already available on localhost:9200.
[2026-07-27 02:27:32] [INFO] Starting: Wazuh live collection
[2026-07-27 02:27:33] [ERROR] Traceback (most recent call last):
[2026-07-27 02:27:33] [ERROR]   File "D:\MSc-Research\Healthcare-risk-engine\src\wazuh_live_collector.py", line 288, in <module>
[2026-07-27 02:27:33] [ERROR]     raise SystemExit(main())
[2026-07-27 02:27:33] [ERROR]                      ~~~~^^
[2026-07-27 02:27:33] [ERROR]   File "D:\MSc-Research\Healthcare-risk-engine\src\wazuh_live_collector.py", line 238, in main
[2026-07-27 02:27:33] [ERROR]     environment_id = resolve_environment_id(
[2026-07-27 02:27:33] [ERROR]         args.environment
[2026-07-27 02:27:33] [ERROR]     )
[2026-07-27 02:27:33] [ERROR]   File "D:\MSc-Research\Healthcare-risk-engine\src\event_environment.py", line 42, in resolve_environment_id
[2026-07-27 02:27:33] [ERROR]     raise EventEnvironmentError(
[2026-07-27 02:27:33] [ERROR]     ...<2 lines>...
[2026-07-27 02:27:33] [ERROR]     )
[2026-07-27 02:27:33] [ERROR] event_environment.EventEnvironmentError: Environment ID is required. Use --environment or set ENVIRONMENT_ID.
[2026-07-27 02:27:33] [ERROR] Wazuh live collection failed with exit code 1
[2026-07-27 02:27:33] [INFO] Next cycle starts in 29 second(s).
[2026-07-27 02:28:02] [INFO] Beginning pipeline cycle.
[2026-07-27 02:28:02] [INFO] OpenSearch tunnel is already available on localhost:9200.
[2026-07-27 02:28:02] [INFO] Starting: Wazuh live collection
[2026-07-27 02:28:02] [ERROR] Traceback (most recent call last):
[2026-07-27 02:28:02] [ERROR]   File "D:\MSc-Research\Healthcare-risk-engine\src\wazuh_live_collector.py", line 288, in <module>
[2026-07-27 02:28:02] [ERROR]     raise SystemExit(main())
[2026-07-27 02:28:02] [ERROR]                      ~~~~^^
[2026-07-27 02:28:02] [ERROR]   File "D:\MSc-Research\Healthcare-risk-engine\src\wazuh_live_collector.py", line 238, in main
[2026-07-27 02:28:02] [ERROR]     environment_id = resolve_environment_id(
[2026-07-27 02:28:02] [ERROR]         args.environment
[2026-07-27 02:28:02] [ERROR]     )
[2026-07-27 02:28:02] [ERROR]   File "D:\MSc-Research\Healthcare-risk-engine\src\event_environment.py", line 42, in resolve_environment_id
[2026-07-27 02:28:02] [ERROR]     raise EventEnvironmentError(
[2026-07-27 02:28:02] [ERROR]     ...<2 lines>...
[2026-07-27 02:28:02] [ERROR]     )
[2026-07-27 02:28:02] [ERROR] event_environment.EventEnvironmentError: Environment ID is required. Use --environment or set ENVIRONMENT_ID.
[2026-07-27 02:28:02] [ERROR] Wazuh live collection failed with exit code 1
[2026-07-27 02:28:02] [INFO] Next cycle starts in 29 second(s).
[2026-07-27 02:28:31] [INFO] Beginning pipeline cycle.
[2026-07-27 02:28:31] [INFO] OpenSearch tunnel is already available on localhost:9200.
[2026-07-27 02:28:31] [INFO] Starting: Wazuh live collection
[2026-07-27 02:28:32] [ERROR] Traceback (most recent call last):
[2026-07-27 02:28:32] [ERROR]   File "D:\MSc-Research\Healthcare-risk-engine\src\wazuh_live_collector.py", line 288, in <module>
[2026-07-27 02:28:32] [ERROR]     raise SystemExit(main())
[2026-07-27 02:28:32] [ERROR]                      ~~~~^^
[2026-07-27 02:28:32] [ERROR]   File "D:\MSc-Research\Healthcare-risk-engine\src\wazuh_live_collector.py", line 238, in main
[2026-07-27 02:28:32] [ERROR]     environment_id = resolve_environment_id(
[2026-07-27 02:28:32] [ERROR]         args.environment
[2026-07-27 02:28:32] [ERROR]     )
[2026-07-27 02:28:32] [ERROR]   File "D:\MSc-Research\Healthcare-risk-engine\src\event_environment.py", line 42, in resolve_environment_id
[2026-07-27 02:28:32] [ERROR]     raise EventEnvironmentError(
[2026-07-27 02:28:32] [ERROR]     ...<2 lines>...
[2026-07-27 02:28:32] [ERROR]     )
[2026-07-27 02:28:32] [ERROR] event_environment.EventEnvironmentError: Environment ID is required. Use --environment or set ENVIRONMENT_ID.
[2026-07-27 02:28:32] [ERROR] Wazuh live collection failed with exit code 1
[2026-07-27 02:28:32] [INFO] Next cycle starts in 29 second(s).
[2026-07-27 02:29:01] [INFO] Beginning pipeline cycle.
[2026-07-27 02:29:01] [INFO] OpenSearch tunnel is already available on localhost:9200.
[2026-07-27 02:29:01] [INFO] Starting: Wazuh live collection
[2026-07-27 02:29:01] [ERROR] Traceback (most recent call last):
[2026-07-27 02:29:01] [ERROR]   File "D:\MSc-Research\Healthcare-risk-engine\src\wazuh_live_collector.py", line 288, in <module>
[2026-07-27 02:29:01] [ERROR]     raise SystemExit(main())
[2026-07-27 02:29:01] [ERROR]                      ~~~~^^
[2026-07-27 02:29:01] [ERROR]   File "D:\MSc-Research\Healthcare-risk-engine\src\wazuh_live_collector.py", line 238, in main
[2026-07-27 02:29:01] [ERROR]     environment_id = resolve_environment_id(
[2026-07-27 02:29:01] [ERROR]         args.environment
[2026-07-27 02:29:01] [ERROR]     )
[2026-07-27 02:29:01] [ERROR]   File "D:\MSc-Research\Healthcare-risk-engine\src\event_environment.py", line 42, in resolve_environment_id
[2026-07-27 02:29:01] [ERROR]     raise EventEnvironmentError(
[2026-07-27 02:29:01] [ERROR]     ...<2 lines>...
[2026-07-27 02:29:01] [ERROR]     )
[2026-07-27 02:29:01] [ERROR] event_environment.EventEnvironmentError: Environment ID is required. Use --environment or set ENVIRONMENT_ID.
[2026-07-27 02:29:01] [ERROR] Wazuh live collection failed with exit code 1
[2026-07-27 02:29:01] [INFO] Next cycle starts in 29 second(s).
[2026-07-27 02:29:30] [INFO] Beginning pipeline cycle.
[2026-07-27 02:29:30] [INFO] OpenSearch tunnel is already available on localhost:9200.
[2026-07-27 02:29:30] [INFO] Starting: Wazuh live collection
[2026-07-27 02:29:31] [ERROR] Traceback (most recent call last):
[2026-07-27 02:29:31] [ERROR]   File "D:\MSc-Research\Healthcare-risk-engine\src\wazuh_live_collector.py", line 288, in <module>
[2026-07-27 02:29:31] [ERROR]     raise SystemExit(main())
[2026-07-27 02:29:31] [ERROR]                      ~~~~^^
[2026-07-27 02:29:31] [ERROR]   File "D:\MSc-Research\Healthcare-risk-engine\src\wazuh_live_collector.py", line 238, in main
[2026-07-27 02:29:31] [ERROR]     environment_id = resolve_environment_id(
[2026-07-27 02:29:31] [ERROR]         args.environment
[2026-07-27 02:29:31] [ERROR]     )
[2026-07-27 02:29:31] [ERROR]   File "D:\MSc-Research\Healthcare-risk-engine\src\event_environment.py", line 42, in resolve_environment_id
[2026-07-27 02:29:31] [ERROR]     raise EventEnvironmentError(
[2026-07-27 02:29:31] [ERROR]     ...<2 lines>...
[2026-07-27 02:29:31] [ERROR]     )
[2026-07-27 02:29:31] [ERROR] event_environment.EventEnvironmentError: Environment ID is required. Use --environment or set ENVIRONMENT_ID.
[2026-07-27 02:29:31] [ERROR] Wazuh live collection failed with exit code 1
[2026-07-27 02:29:31] [INFO] Next cycle starts in 29 second(s).
[2026-07-27 02:30:00] [INFO] Beginning pipeline cycle.
[2026-07-27 02:30:00] [INFO] OpenSearch tunnel is already available on localhost:9200.
[2026-07-27 02:30:00] [INFO] Starting: Wazuh live collection
[2026-07-27 02:30:00] [ERROR] Traceback (most recent call last):
[2026-07-27 02:30:00] [ERROR]   File "D:\MSc-Research\Healthcare-risk-engine\src\wazuh_live_collector.py", line 288, in <module>
[2026-07-27 02:30:00] [ERROR]     raise SystemExit(main())
[2026-07-27 02:30:00] [ERROR]                      ~~~~^^
[2026-07-27 02:30:00] [ERROR]   File "D:\MSc-Research\Healthcare-risk-engine\src\wazuh_live_collector.py", line 238, in main
[2026-07-27 02:30:00] [ERROR]     environment_id = resolve_environment_id(
[2026-07-27 02:30:00] [ERROR]         args.environment
[2026-07-27 02:30:00] [ERROR]     )
[2026-07-27 02:30:00] [ERROR]   File "D:\MSc-Research\Healthcare-risk-engine\src\event_environment.py", line 42, in resolve_environment_id
[2026-07-27 02:30:00] [ERROR]     raise EventEnvironmentError(
[2026-07-27 02:30:00] [ERROR]     ...<2 lines>...
[2026-07-27 02:30:00] [ERROR]     )
[2026-07-27 02:30:00] [ERROR] event_environment.EventEnvironmentError: Environment ID is required. Use --environment or set ENVIRONMENT_ID.
[2026-07-27 02:30:00] [ERROR] Wazuh live collection failed with exit code 1
[2026-07-27 02:30:00] [INFO] Next cycle starts in 29 second(s).
[2026-07-27 02:30:29] [INFO] Beginning pipeline cycle.
[2026-07-27 02:30:29] [INFO] OpenSearch tunnel is already available on localhost:9200.
[2026-07-27 02:30:29] [INFO] Starting: Wazuh live collection
[2026-07-27 02:30:30] [ERROR] Traceback (most recent call last):
[2026-07-27 02:30:30] [ERROR]   File "D:\MSc-Research\Healthcare-risk-engine\src\wazuh_live_collector.py", line 288, in <module>
[2026-07-27 02:30:30] [ERROR]     raise SystemExit(main())
[2026-07-27 02:30:30] [ERROR]                      ~~~~^^
[2026-07-27 02:30:30] [ERROR]   File "D:\MSc-Research\Healthcare-risk-engine\src\wazuh_live_collector.py", line 238, in main
[2026-07-27 02:30:30] [ERROR]     environment_id = resolve_environment_id(
[2026-07-27 02:30:30] [ERROR]         args.environment
[2026-07-27 02:30:30] [ERROR]     )
[2026-07-27 02:30:30] [ERROR]   File "D:\MSc-Research\Healthcare-risk-engine\src\event_environment.py", line 42, in resolve_environment_id
[2026-07-27 02:30:30] [ERROR]     raise EventEnvironmentError(
[2026-07-27 02:30:30] [ERROR]     ...<2 lines>...
[2026-07-27 02:30:30] [ERROR]     )
[2026-07-27 02:30:30] [ERROR] event_environment.EventEnvironmentError: Environment ID is required. Use --environment or set ENVIRONMENT_ID.
[2026-07-27 02:30:30] [ERROR] Wazuh live collection failed with exit code 1
[2026-07-27 02:30:30] [INFO] Next cycle starts in 29 second(s).
[2026-07-27 02:30:59] [INFO] Beginning pipeline cycle.
[2026-07-27 02:30:59] [INFO] OpenSearch tunnel is already available on localhost:9200.
[2026-07-27 02:30:59] [INFO] Starting: Wazuh live collection
[2026-07-27 02:30:59] [ERROR] Traceback (most recent call last):
[2026-07-27 02:30:59] [ERROR]   File "D:\MSc-Research\Healthcare-risk-engine\src\wazuh_live_collector.py", line 288, in <module>
[2026-07-27 02:30:59] [ERROR]     raise SystemExit(main())
[2026-07-27 02:30:59] [ERROR]                      ~~~~^^
[2026-07-27 02:30:59] [ERROR]   File "D:\MSc-Research\Healthcare-risk-engine\src\wazuh_live_collector.py", line 238, in main
[2026-07-27 02:30:59] [ERROR]     environment_id = resolve_environment_id(
[2026-07-27 02:30:59] [ERROR]         args.environment
[2026-07-27 02:30:59] [ERROR]     )
[2026-07-27 02:30:59] [ERROR]   File "D:\MSc-Research\Healthcare-risk-engine\src\event_environment.py", line 42, in resolve_environment_id
[2026-07-27 02:30:59] [ERROR]     raise EventEnvironmentError(
[2026-07-27 02:30:59] [ERROR]     ...<2 lines>...
[2026-07-27 02:30:59] [ERROR]     )
[2026-07-27 02:30:59] [ERROR] event_environment.EventEnvironmentError: Environment ID is required. Use --environment or set ENVIRONMENT_ID.
[2026-07-27 02:30:59] [ERROR] Wazuh live collection failed with exit code 1
[2026-07-27 02:30:59] [INFO] Next cycle starts in 29 second(s).
[2026-07-27 02:31:28] [INFO] Beginning pipeline cycle.
[2026-07-27 02:31:28] [INFO] OpenSearch tunnel is already available on localhost:9200.
[2026-07-27 02:31:28] [INFO] Starting: Wazuh live collection
[2026-07-27 02:31:29] [ERROR] Traceback (most recent call last):
[2026-07-27 02:31:29] [ERROR]   File "D:\MSc-Research\Healthcare-risk-engine\src\wazuh_live_collector.py", line 288, in <module>
[2026-07-27 02:31:29] [ERROR]     raise SystemExit(main())
[2026-07-27 02:31:29] [ERROR]                      ~~~~^^
[2026-07-27 02:31:29] [ERROR]   File "D:\MSc-Research\Healthcare-risk-engine\src\wazuh_live_collector.py", line 238, in main
[2026-07-27 02:31:29] [ERROR]     environment_id = resolve_environment_id(
[2026-07-27 02:31:29] [ERROR]         args.environment
[2026-07-27 02:31:29] [ERROR]     )
[2026-07-27 02:31:29] [ERROR]   File "D:\MSc-Research\Healthcare-risk-engine\src\event_environment.py", line 42, in resolve_environment_id
[2026-07-27 02:31:29] [ERROR]     raise EventEnvironmentError(
[2026-07-27 02:31:29] [ERROR]     ...<2 lines>...
[2026-07-27 02:31:29] [ERROR]     )
[2026-07-27 02:31:29] [ERROR] event_environment.EventEnvironmentError: Environment ID is required. Use --environment or set ENVIRONMENT_ID.
[2026-07-27 02:31:29] [ERROR] Wazuh live collection failed with exit code 1
[2026-07-27 02:31:29] [INFO] Next cycle starts in 29 second(s).
[2026-07-27 02:31:58] [INFO] Beginning pipeline cycle.
[2026-07-27 02:31:58] [INFO] OpenSearch tunnel is already available on localhost:9200.
[2026-07-27 02:31:58] [INFO] Starting: Wazuh live collection
[2026-07-27 02:31:58] [ERROR] Traceback (most recent call last):
[2026-07-27 02:31:58] [ERROR]   File "D:\MSc-Research\Healthcare-risk-engine\src\wazuh_live_collector.py", line 288, in <module>
[2026-07-27 02:31:58] [ERROR]     raise SystemExit(main())
[2026-07-27 02:31:58] [ERROR]                      ~~~~^^
[2026-07-27 02:31:58] [ERROR]   File "D:\MSc-Research\Healthcare-risk-engine\src\wazuh_live_collector.py", line 238, in main
[2026-07-27 02:31:58] [ERROR]     environment_id = resolve_environment_id(
[2026-07-27 02:31:58] [ERROR]         args.environment
[2026-07-27 02:31:58] [ERROR]     )
[2026-07-27 02:31:58] [ERROR]   File "D:\MSc-Research\Healthcare-risk-engine\src\event_environment.py", line 42, in resolve_environment_id
[2026-07-27 02:31:58] [ERROR]     raise EventEnvironmentError(
[2026-07-27 02:31:58] [ERROR]     ...<2 lines>...
[2026-07-27 02:31:58] [ERROR]     )
[2026-07-27 02:31:58] [ERROR] event_environment.EventEnvironmentError: Environment ID is required. Use --environment or set ENVIRONMENT_ID.
[2026-07-27 02:31:58] [ERROR] Wazuh live collection failed with exit code 1
[2026-07-27 02:31:58] [INFO] Next cycle starts in 29 second(s).
[2026-07-27 02:32:27] [INFO] Beginning pipeline cycle.
[2026-07-27 02:32:27] [INFO] OpenSearch tunnel is already available on localhost:9200.
[2026-07-27 02:32:27] [INFO] Starting: Wazuh live collection
[2026-07-27 02:32:28] [ERROR] Traceback (most recent call last):
[2026-07-27 02:32:28] [ERROR]   File "D:\MSc-Research\Healthcare-risk-engine\src\wazuh_live_collector.py", line 288, in <module>
[2026-07-27 02:32:28] [ERROR]     raise SystemExit(main())
[2026-07-27 02:32:28] [ERROR]                      ~~~~^^
[2026-07-27 02:32:28] [ERROR]   File "D:\MSc-Research\Healthcare-risk-engine\src\wazuh_live_collector.py", line 238, in main
[2026-07-27 02:32:28] [ERROR]     environment_id = resolve_environment_id(
[2026-07-27 02:32:28] [ERROR]         args.environment
[2026-07-27 02:32:28] [ERROR]     )
[2026-07-27 02:32:28] [ERROR]   File "D:\MSc-Research\Healthcare-risk-engine\src\event_environment.py", line 42, in resolve_environment_id
[2026-07-27 02:32:28] [ERROR]     raise EventEnvironmentError(
[2026-07-27 02:32:28] [ERROR]     ...<2 lines>...
[2026-07-27 02:32:28] [ERROR]     )
[2026-07-27 02:32:28] [ERROR] event_environment.EventEnvironmentError: Environment ID is required. Use --environment or set ENVIRONMENT_ID.
[2026-07-27 02:32:28] [ERROR] Wazuh live collection failed with exit code 1
[2026-07-27 02:32:28] [INFO] Next cycle starts in 29 second(s).
[2026-07-27 02:32:57] [INFO] Beginning pipeline cycle.
[2026-07-27 02:32:57] [INFO] OpenSearch tunnel is already available on localhost:9200.
[2026-07-27 02:32:57] [INFO] Starting: Wazuh live collection
[2026-07-27 02:32:57] [ERROR] Traceback (most recent call last):
[2026-07-27 02:32:57] [ERROR]   File "D:\MSc-Research\Healthcare-risk-engine\src\wazuh_live_collector.py", line 288, in <module>
[2026-07-27 02:32:57] [ERROR]     raise SystemExit(main())
[2026-07-27 02:32:57] [ERROR]                      ~~~~^^
[2026-07-27 02:32:57] [ERROR]   File "D:\MSc-Research\Healthcare-risk-engine\src\wazuh_live_collector.py", line 238, in main
[2026-07-27 02:32:57] [ERROR]     environment_id = resolve_environment_id(
[2026-07-27 02:32:57] [ERROR]         args.environment
[2026-07-27 02:32:57] [ERROR]     )
[2026-07-27 02:32:57] [ERROR]   File "D:\MSc-Research\Healthcare-risk-engine\src\event_environment.py", line 42, in resolve_environment_id
[2026-07-27 02:32:57] [ERROR]     raise EventEnvironmentError(
[2026-07-27 02:32:57] [ERROR]     ...<2 lines>...
[2026-07-27 02:32:57] [ERROR]     )
[2026-07-27 02:32:57] [ERROR] event_environment.EventEnvironmentError: Environment ID is required. Use --environment or set ENVIRONMENT_ID.
[2026-07-27 02:32:57] [ERROR] Wazuh live collection failed with exit code 1
[2026-07-27 02:32:57] [INFO] Next cycle starts in 29 second(s).
[2026-07-27 02:33:26] [INFO] Beginning pipeline cycle.
[2026-07-27 02:33:26] [INFO] OpenSearch tunnel is already available on localhost:9200.
[2026-07-27 02:33:26] [INFO] Starting: Wazuh live collection
[2026-07-27 02:33:27] [ERROR] Traceback (most recent call last):
[2026-07-27 02:33:27] [ERROR]   File "D:\MSc-Research\Healthcare-risk-engine\src\wazuh_live_collector.py", line 288, in <module>
[2026-07-27 02:33:27] [ERROR]     raise SystemExit(main())
[2026-07-27 02:33:27] [ERROR]                      ~~~~^^
[2026-07-27 02:33:27] [ERROR]   File "D:\MSc-Research\Healthcare-risk-engine\src\wazuh_live_collector.py", line 238, in main
[2026-07-27 02:33:27] [ERROR]     environment_id = resolve_environment_id(
[2026-07-27 02:33:27] [ERROR]         args.environment
[2026-07-27 02:33:27] [ERROR]     )
[2026-07-27 02:33:27] [ERROR]   File "D:\MSc-Research\Healthcare-risk-engine\src\event_environment.py", line 42, in resolve_environment_id
[2026-07-27 02:33:27] [ERROR]     raise EventEnvironmentError(
[2026-07-27 02:33:27] [ERROR]     ...<2 lines>...
[2026-07-27 02:33:27] [ERROR]     )
[2026-07-27 02:33:27] [ERROR] event_environment.EventEnvironmentError: Environment ID is required. Use --environment or set ENVIRONMENT_ID.
[2026-07-27 02:33:27] [ERROR] Wazuh live collection failed with exit code 1
[2026-07-27 02:33:27] [INFO] Next cycle starts in 29 second(s).
[2026-07-27 02:33:56] [INFO] Beginning pipeline cycle.
[2026-07-27 02:33:56] [INFO] OpenSearch tunnel is already available on localhost:9200.
[2026-07-27 02:33:56] [INFO] Starting: Wazuh live collection
[2026-07-27 02:33:56] [ERROR] Traceback (most recent call last):
[2026-07-27 02:33:56] [ERROR]   File "D:\MSc-Research\Healthcare-risk-engine\src\wazuh_live_collector.py", line 288, in <module>
[2026-07-27 02:33:56] [ERROR]     raise SystemExit(main())
[2026-07-27 02:33:56] [ERROR]                      ~~~~^^
[2026-07-27 02:33:56] [ERROR]   File "D:\MSc-Research\Healthcare-risk-engine\src\wazuh_live_collector.py", line 238, in main
[2026-07-27 02:33:56] [ERROR]     environment_id = resolve_environment_id(
[2026-07-27 02:33:56] [ERROR]         args.environment
[2026-07-27 02:33:56] [ERROR]     )
[2026-07-27 02:33:56] [ERROR]   File "D:\MSc-Research\Healthcare-risk-engine\src\event_environment.py", line 42, in resolve_environment_id
[2026-07-27 02:33:56] [ERROR]     raise EventEnvironmentError(
[2026-07-27 02:33:56] [ERROR]     ...<2 lines>...
[2026-07-27 02:33:56] [ERROR]     )
[2026-07-27 02:33:56] [ERROR] event_environment.EventEnvironmentError: Environment ID is required. Use --environment or set ENVIRONMENT_ID.
[2026-07-27 02:33:56] [ERROR] Wazuh live collection failed with exit code 1
[2026-07-27 02:33:56] [INFO] Next cycle starts in 29 second(s).
[2026-07-27 02:34:25] [INFO] Beginning pipeline cycle.
[2026-07-27 02:34:25] [INFO] OpenSearch tunnel is already available on localhost:9200.
[2026-07-27 02:34:25] [INFO] Starting: Wazuh live collection
[2026-07-27 02:34:26] [ERROR] Traceback (most recent call last):
[2026-07-27 02:34:26] [ERROR]   File "D:\MSc-Research\Healthcare-risk-engine\src\wazuh_live_collector.py", line 288, in <module>
[2026-07-27 02:34:26] [ERROR]     raise SystemExit(main())
[2026-07-27 02:34:26] [ERROR]                      ~~~~^^
[2026-07-27 02:34:26] [ERROR]   File "D:\MSc-Research\Healthcare-risk-engine\src\wazuh_live_collector.py", line 238, in main
[2026-07-27 02:34:26] [ERROR]     environment_id = resolve_environment_id(
[2026-07-27 02:34:26] [ERROR]         args.environment
[2026-07-27 02:34:26] [ERROR]     )
[2026-07-27 02:34:26] [ERROR]   File "D:\MSc-Research\Healthcare-risk-engine\src\event_environment.py", line 42, in resolve_environment_id
[2026-07-27 02:34:26] [ERROR]     raise EventEnvironmentError(
[2026-07-27 02:34:26] [ERROR]     ...<2 lines>...
[2026-07-27 02:34:26] [ERROR]     )
[2026-07-27 02:34:26] [ERROR] event_environment.EventEnvironmentError: Environment ID is required. Use --environment or set ENVIRONMENT_ID.
[2026-07-27 02:34:26] [ERROR] Wazuh live collection failed with exit code 1
[2026-07-27 02:34:26] [INFO] Next cycle starts in 29 second(s).
[2026-07-27 02:34:55] [INFO] Beginning pipeline cycle.
[2026-07-27 02:34:55] [INFO] OpenSearch tunnel is already available on localhost:9200.
[2026-07-27 02:34:55] [INFO] Starting: Wazuh live collection
[2026-07-27 02:34:55] [ERROR] Traceback (most recent call last):
[2026-07-27 02:34:55] [ERROR]   File "D:\MSc-Research\Healthcare-risk-engine\src\wazuh_live_collector.py", line 288, in <module>
[2026-07-27 02:34:55] [ERROR]     raise SystemExit(main())
[2026-07-27 02:34:55] [ERROR]                      ~~~~^^
[2026-07-27 02:34:55] [ERROR]   File "D:\MSc-Research\Healthcare-risk-engine\src\wazuh_live_collector.py", line 238, in main
[2026-07-27 02:34:55] [ERROR]     environment_id = resolve_environment_id(
[2026-07-27 02:34:55] [ERROR]         args.environment
[2026-07-27 02:34:55] [ERROR]     )
[2026-07-27 02:34:55] [ERROR]   File "D:\MSc-Research\Healthcare-risk-engine\src\event_environment.py", line 42, in resolve_environment_id
[2026-07-27 02:34:55] [ERROR]     raise EventEnvironmentError(
[2026-07-27 02:34:55] [ERROR]     ...<2 lines>...
[2026-07-27 02:34:55] [ERROR]     )
[2026-07-27 02:34:55] [ERROR] event_environment.EventEnvironmentError: Environment ID is required. Use --environment or set ENVIRONMENT_ID.
[2026-07-27 02:34:55] [ERROR] Wazuh live collection failed with exit code 1
[2026-07-27 02:34:55] [INFO] Next cycle starts in 29 second(s).
[2026-07-27 02:35:24] [INFO] Beginning pipeline cycle.
[2026-07-27 02:35:24] [INFO] OpenSearch tunnel is already available on localhost:9200.
[2026-07-27 02:35:24] [INFO] Starting: Wazuh live collection
[2026-07-27 02:35:25] [ERROR] Traceback (most recent call last):
[2026-07-27 02:35:25] [ERROR]   File "D:\MSc-Research\Healthcare-risk-engine\src\wazuh_live_collector.py", line 288, in <module>
[2026-07-27 02:35:25] [ERROR]     raise SystemExit(main())
[2026-07-27 02:35:25] [ERROR]                      ~~~~^^
[2026-07-27 02:35:25] [ERROR]   File "D:\MSc-Research\Healthcare-risk-engine\src\wazuh_live_collector.py", line 238, in main
[2026-07-27 02:35:25] [ERROR]     environment_id = resolve_environment_id(
[2026-07-27 02:35:25] [ERROR]         args.environment
[2026-07-27 02:35:25] [ERROR]     )
[2026-07-27 02:35:25] [ERROR]   File "D:\MSc-Research\Healthcare-risk-engine\src\event_environment.py", line 42, in resolve_environment_id
[2026-07-27 02:35:25] [ERROR]     raise EventEnvironmentError(
[2026-07-27 02:35:25] [ERROR]     ...<2 lines>...
[2026-07-27 02:35:25] [ERROR]     )
[2026-07-27 02:35:25] [ERROR] event_environment.EventEnvironmentError: Environment ID is required. Use --environment or set ENVIRONMENT_ID.
[2026-07-27 02:35:25] [ERROR] Wazuh live collection failed with exit code 1
[2026-07-27 02:35:25] [INFO] Next cycle starts in 29 second(s).
[2026-07-27 02:35:54] [INFO] Beginning pipeline cycle.
[2026-07-27 02:35:54] [INFO] OpenSearch tunnel is already available on localhost:9200.
[2026-07-27 02:35:54] [INFO] Starting: Wazuh live collection
[2026-07-27 02:35:54] [ERROR] Traceback (most recent call last):
[2026-07-27 02:35:54] [ERROR]   File "D:\MSc-Research\Healthcare-risk-engine\src\wazuh_live_collector.py", line 288, in <module>
[2026-07-27 02:35:54] [ERROR]     raise SystemExit(main())
[2026-07-27 02:35:54] [ERROR]                      ~~~~^^
[2026-07-27 02:35:54] [ERROR]   File "D:\MSc-Research\Healthcare-risk-engine\src\wazuh_live_collector.py", line 238, in main
[2026-07-27 02:35:54] [ERROR]     environment_id = resolve_environment_id(
[2026-07-27 02:35:54] [ERROR]         args.environment
[2026-07-27 02:35:54] [ERROR]     )
[2026-07-27 02:35:54] [ERROR]   File "D:\MSc-Research\Healthcare-risk-engine\src\event_environment.py", line 42, in resolve_environment_id
[2026-07-27 02:35:54] [ERROR]     raise EventEnvironmentError(
[2026-07-27 02:35:54] [ERROR]     ...<2 lines>...
[2026-07-27 02:35:54] [ERROR]     )
[2026-07-27 02:35:54] [ERROR] event_environment.EventEnvironmentError: Environment ID is required. Use --environment or set ENVIRONMENT_ID.
[2026-07-27 02:35:54] [ERROR] Wazuh live collection failed with exit code 1
[2026-07-27 02:35:54] [INFO] Next cycle starts in 29 second(s).
[2026-07-27 02:36:23] [INFO] Beginning pipeline cycle.
[2026-07-27 02:36:23] [INFO] OpenSearch tunnel is already available on localhost:9200.
[2026-07-27 02:36:23] [INFO] Starting: Wazuh live collection
[2026-07-27 02:36:24] [ERROR] Traceback (most recent call last):
[2026-07-27 02:36:24] [ERROR]   File "D:\MSc-Research\Healthcare-risk-engine\src\wazuh_live_collector.py", line 288, in <module>
[2026-07-27 02:36:24] [ERROR]     raise SystemExit(main())
[2026-07-27 02:36:24] [ERROR]                      ~~~~^^
[2026-07-27 02:36:24] [ERROR]   File "D:\MSc-Research\Healthcare-risk-engine\src\wazuh_live_collector.py", line 238, in main
[2026-07-27 02:36:24] [ERROR]     environment_id = resolve_environment_id(
[2026-07-27 02:36:24] [ERROR]         args.environment
[2026-07-27 02:36:24] [ERROR]     )
[2026-07-27 02:36:24] [ERROR]   File "D:\MSc-Research\Healthcare-risk-engine\src\event_environment.py", line 42, in resolve_environment_id
[2026-07-27 02:36:24] [ERROR]     raise EventEnvironmentError(
[2026-07-27 02:36:24] [ERROR]     ...<2 lines>...
[2026-07-27 02:36:24] [ERROR]     )
[2026-07-27 02:36:24] [ERROR] event_environment.EventEnvironmentError: Environment ID is required. Use --environment or set ENVIRONMENT_ID.
[2026-07-27 02:36:24] [ERROR] Wazuh live collection failed with exit code 1
[2026-07-27 02:36:24] [INFO] Next cycle starts in 29 second(s).
[2026-07-27 02:36:53] [INFO] Beginning pipeline cycle.
[2026-07-27 02:36:53] [INFO] OpenSearch tunnel is already available on localhost:9200.
[2026-07-27 02:36:53] [INFO] Starting: Wazuh live collection
[2026-07-27 02:36:53] [ERROR] Traceback (most recent call last):
[2026-07-27 02:36:53] [ERROR]   File "D:\MSc-Research\Healthcare-risk-engine\src\wazuh_live_collector.py", line 288, in <module>
[2026-07-27 02:36:53] [ERROR]     raise SystemExit(main())
[2026-07-27 02:36:53] [ERROR]                      ~~~~^^
[2026-07-27 02:36:53] [ERROR]   File "D:\MSc-Research\Healthcare-risk-engine\src\wazuh_live_collector.py", line 238, in main
[2026-07-27 02:36:53] [ERROR]     environment_id = resolve_environment_id(
[2026-07-27 02:36:53] [ERROR]         args.environment
[2026-07-27 02:36:53] [ERROR]     )
[2026-07-27 02:36:53] [ERROR]   File "D:\MSc-Research\Healthcare-risk-engine\src\event_environment.py", line 42, in resolve_environment_id
[2026-07-27 02:36:53] [ERROR]     raise EventEnvironmentError(
[2026-07-27 02:36:53] [ERROR]     ...<2 lines>...
[2026-07-27 02:36:53] [ERROR]     )
[2026-07-27 02:36:53] [ERROR] event_environment.EventEnvironmentError: Environment ID is required. Use --environment or set ENVIRONMENT_ID.
[2026-07-27 02:36:53] [ERROR] Wazuh live collection failed with exit code 1
[2026-07-27 02:36:53] [INFO] Next cycle starts in 29 second(s).
[2026-07-27 02:37:22] [INFO] Beginning pipeline cycle.
[2026-07-27 02:37:22] [INFO] OpenSearch tunnel is already available on localhost:9200.
[2026-07-27 02:37:22] [INFO] Starting: Wazuh live collection
[2026-07-27 02:37:23] [ERROR] Traceback (most recent call last):
[2026-07-27 02:37:23] [ERROR]   File "D:\MSc-Research\Healthcare-risk-engine\src\wazuh_live_collector.py", line 288, in <module>
[2026-07-27 02:37:23] [ERROR]     raise SystemExit(main())
[2026-07-27 02:37:23] [ERROR]                      ~~~~^^
[2026-07-27 02:37:23] [ERROR]   File "D:\MSc-Research\Healthcare-risk-engine\src\wazuh_live_collector.py", line 238, in main
[2026-07-27 02:37:23] [ERROR]     environment_id = resolve_environment_id(
[2026-07-27 02:37:23] [ERROR]         args.environment
[2026-07-27 02:37:23] [ERROR]     )
[2026-07-27 02:37:23] [ERROR]   File "D:\MSc-Research\Healthcare-risk-engine\src\event_environment.py", line 42, in resolve_environment_id
[2026-07-27 02:37:23] [ERROR]     raise EventEnvironmentError(
[2026-07-27 02:37:23] [ERROR]     ...<2 lines>...
[2026-07-27 02:37:23] [ERROR]     )
[2026-07-27 02:37:23] [ERROR] event_environment.EventEnvironmentError: Environment ID is required. Use --environment or set ENVIRONMENT_ID.
[2026-07-27 02:37:23] [ERROR] Wazuh live collection failed with exit code 1
[2026-07-27 02:37:23] [INFO] Next cycle starts in 29 second(s).
[2026-07-27 02:37:52] [INFO] Beginning pipeline cycle.
[2026-07-27 02:37:52] [INFO] OpenSearch tunnel is already available on localhost:9200.
[2026-07-27 02:37:52] [INFO] Starting: Wazuh live collection
[2026-07-27 02:37:52] [ERROR] Traceback (most recent call last):
[2026-07-27 02:37:52] [ERROR]   File "D:\MSc-Research\Healthcare-risk-engine\src\wazuh_live_collector.py", line 288, in <module>
[2026-07-27 02:37:52] [ERROR]     raise SystemExit(main())
[2026-07-27 02:37:52] [ERROR]                      ~~~~^^
[2026-07-27 02:37:52] [ERROR]   File "D:\MSc-Research\Healthcare-risk-engine\src\wazuh_live_collector.py", line 238, in main
[2026-07-27 02:37:52] [ERROR]     environment_id = resolve_environment_id(
[2026-07-27 02:37:52] [ERROR]         args.environment
[2026-07-27 02:37:52] [ERROR]     )
[2026-07-27 02:37:52] [ERROR]   File "D:\MSc-Research\Healthcare-risk-engine\src\event_environment.py", line 42, in resolve_environment_id
[2026-07-27 02:37:52] [ERROR]     raise EventEnvironmentError(
[2026-07-27 02:37:52] [ERROR]     ...<2 lines>...
[2026-07-27 02:37:52] [ERROR]     )
[2026-07-27 02:37:52] [ERROR] event_environment.EventEnvironmentError: Environment ID is required. Use --environment or set ENVIRONMENT_ID.
[2026-07-27 02:37:52] [ERROR] Wazuh live collection failed with exit code 1
[2026-07-27 02:37:52] [INFO] Next cycle starts in 29 second(s).
[2026-07-27 02:38:21] [INFO] Beginning pipeline cycle.
[2026-07-27 02:38:21] [INFO] OpenSearch tunnel is already available on localhost:9200.
[2026-07-27 02:38:21] [INFO] Starting: Wazuh live collection
[2026-07-27 02:38:22] [ERROR] Traceback (most recent call last):
[2026-07-27 02:38:22] [ERROR]   File "D:\MSc-Research\Healthcare-risk-engine\src\wazuh_live_collector.py", line 288, in <module>
[2026-07-27 02:38:22] [ERROR]     raise SystemExit(main())
[2026-07-27 02:38:22] [ERROR]                      ~~~~^^
[2026-07-27 02:38:22] [ERROR]   File "D:\MSc-Research\Healthcare-risk-engine\src\wazuh_live_collector.py", line 238, in main
[2026-07-27 02:38:22] [ERROR]     environment_id = resolve_environment_id(
[2026-07-27 02:38:22] [ERROR]         args.environment
[2026-07-27 02:38:22] [ERROR]     )
[2026-07-27 02:38:22] [ERROR]   File "D:\MSc-Research\Healthcare-risk-engine\src\event_environment.py", line 42, in resolve_environment_id
[2026-07-27 02:38:22] [ERROR]     raise EventEnvironmentError(
[2026-07-27 02:38:22] [ERROR]     ...<2 lines>...
[2026-07-27 02:38:22] [ERROR]     )
[2026-07-27 02:38:22] [ERROR] event_environment.EventEnvironmentError: Environment ID is required. Use --environment or set ENVIRONMENT_ID.
[2026-07-27 02:38:22] [ERROR] Wazuh live collection failed with exit code 1
[2026-07-27 02:38:22] [INFO] Next cycle starts in 29 second(s).
[2026-07-27 02:38:51] [INFO] Beginning pipeline cycle.
[2026-07-27 02:38:51] [INFO] OpenSearch tunnel is already available on localhost:9200.
[2026-07-27 02:38:51] [INFO] Starting: Wazuh live collection
[2026-07-27 02:38:51] [ERROR] Traceback (most recent call last):
[2026-07-27 02:38:51] [ERROR]   File "D:\MSc-Research\Healthcare-risk-engine\src\wazuh_live_collector.py", line 288, in <module>
[2026-07-27 02:38:51] [ERROR]     raise SystemExit(main())
[2026-07-27 02:38:51] [ERROR]                      ~~~~^^
[2026-07-27 02:38:51] [ERROR]   File "D:\MSc-Research\Healthcare-risk-engine\src\wazuh_live_collector.py", line 238, in main
[2026-07-27 02:38:51] [ERROR]     environment_id = resolve_environment_id(
[2026-07-27 02:38:51] [ERROR]         args.environment
[2026-07-27 02:38:51] [ERROR]     )
[2026-07-27 02:38:51] [ERROR]   File "D:\MSc-Research\Healthcare-risk-engine\src\event_environment.py", line 42, in resolve_environment_id
[2026-07-27 02:38:51] [ERROR]     raise EventEnvironmentError(
[2026-07-27 02:38:51] [ERROR]     ...<2 lines>...
[2026-07-27 02:38:51] [ERROR]     )
[2026-07-27 02:38:51] [ERROR] event_environment.EventEnvironmentError: Environment ID is required. Use --environment or set ENVIRONMENT_ID.
[2026-07-27 02:38:51] [ERROR] Wazuh live collection failed with exit code 1
[2026-07-27 02:38:51] [INFO] Next cycle starts in 29 second(s).
[2026-07-27 02:39:20] [INFO] Beginning pipeline cycle.
[2026-07-27 02:39:20] [INFO] OpenSearch tunnel is already available on localhost:9200.
[2026-07-27 02:39:20] [INFO] Starting: Wazuh live collection
[2026-07-27 02:39:21] [ERROR] Traceback (most recent call last):
[2026-07-27 02:39:21] [ERROR]   File "D:\MSc-Research\Healthcare-risk-engine\src\wazuh_live_collector.py", line 288, in <module>
[2026-07-27 02:39:21] [ERROR]     raise SystemExit(main())
[2026-07-27 02:39:21] [ERROR]                      ~~~~^^
[2026-07-27 02:39:21] [ERROR]   File "D:\MSc-Research\Healthcare-risk-engine\src\wazuh_live_collector.py", line 238, in main
[2026-07-27 02:39:21] [ERROR]     environment_id = resolve_environment_id(
[2026-07-27 02:39:21] [ERROR]         args.environment
[2026-07-27 02:39:21] [ERROR]     )
[2026-07-27 02:39:21] [ERROR]   File "D:\MSc-Research\Healthcare-risk-engine\src\event_environment.py", line 42, in resolve_environment_id
[2026-07-27 02:39:21] [ERROR]     raise EventEnvironmentError(
[2026-07-27 02:39:21] [ERROR]     ...<2 lines>...
[2026-07-27 02:39:21] [ERROR]     )
[2026-07-27 02:39:21] [ERROR] event_environment.EventEnvironmentError: Environment ID is required. Use --environment or set ENVIRONMENT_ID.
[2026-07-27 02:39:21] [ERROR] Wazuh live collection failed with exit code 1
[2026-07-27 02:39:21] [INFO] Next cycle starts in 29 second(s).
[2026-07-27 02:39:50] [INFO] Beginning pipeline cycle.
[2026-07-27 02:39:50] [INFO] OpenSearch tunnel is already available on localhost:9200.
[2026-07-27 02:39:50] [INFO] Starting: Wazuh live collection
[2026-07-27 02:39:50] [ERROR] Traceback (most recent call last):
[2026-07-27 02:39:50] [ERROR]   File "D:\MSc-Research\Healthcare-risk-engine\src\wazuh_live_collector.py", line 288, in <module>
[2026-07-27 02:39:50] [ERROR]     raise SystemExit(main())
[2026-07-27 02:39:50] [ERROR]                      ~~~~^^
[2026-07-27 02:39:50] [ERROR]   File "D:\MSc-Research\Healthcare-risk-engine\src\wazuh_live_collector.py", line 238, in main
[2026-07-27 02:39:50] [ERROR]     environment_id = resolve_environment_id(
[2026-07-27 02:39:50] [ERROR]         args.environment
[2026-07-27 02:39:50] [ERROR]     )
[2026-07-27 02:39:50] [ERROR]   File "D:\MSc-Research\Healthcare-risk-engine\src\event_environment.py", line 42, in resolve_environment_id
[2026-07-27 02:39:50] [ERROR]     raise EventEnvironmentError(
[2026-07-27 02:39:50] [ERROR]     ...<2 lines>...
[2026-07-27 02:39:50] [ERROR]     )
[2026-07-27 02:39:50] [ERROR] event_environment.EventEnvironmentError: Environment ID is required. Use --environment or set ENVIRONMENT_ID.
[2026-07-27 02:39:50] [ERROR] Wazuh live collection failed with exit code 1
[2026-07-27 02:39:50] [INFO] Next cycle starts in 29 second(s).
[2026-07-27 02:40:19] [INFO] Beginning pipeline cycle.
[2026-07-27 02:40:19] [INFO] OpenSearch tunnel is already available on localhost:9200.
[2026-07-27 02:40:19] [INFO] Starting: Wazuh live collection
[2026-07-27 02:40:20] [ERROR] Traceback (most recent call last):
[2026-07-27 02:40:20] [ERROR]   File "D:\MSc-Research\Healthcare-risk-engine\src\wazuh_live_collector.py", line 288, in <module>
[2026-07-27 02:40:20] [ERROR]     raise SystemExit(main())
[2026-07-27 02:40:20] [ERROR]                      ~~~~^^
[2026-07-27 02:40:20] [ERROR]   File "D:\MSc-Research\Healthcare-risk-engine\src\wazuh_live_collector.py", line 238, in main
[2026-07-27 02:40:20] [ERROR]     environment_id = resolve_environment_id(
[2026-07-27 02:40:20] [ERROR]         args.environment
[2026-07-27 02:40:20] [ERROR]     )
[2026-07-27 02:40:20] [ERROR]   File "D:\MSc-Research\Healthcare-risk-engine\src\event_environment.py", line 42, in resolve_environment_id
[2026-07-27 02:40:20] [ERROR]     raise EventEnvironmentError(
[2026-07-27 02:40:20] [ERROR]     ...<2 lines>...
[2026-07-27 02:40:20] [ERROR]     )
[2026-07-27 02:40:20] [ERROR] event_environment.EventEnvironmentError: Environment ID is required. Use --environment or set ENVIRONMENT_ID.
[2026-07-27 02:40:20] [ERROR] Wazuh live collection failed with exit code 1
[2026-07-27 02:40:20] [INFO] Next cycle starts in 29 second(s).
[2026-07-27 02:40:49] [INFO] Beginning pipeline cycle.
[2026-07-27 02:40:49] [INFO] OpenSearch tunnel is already available on localhost:9200.
[2026-07-27 02:40:49] [INFO] Starting: Wazuh live collection
[2026-07-27 02:40:49] [ERROR] Traceback (most recent call last):
[2026-07-27 02:40:49] [ERROR]   File "D:\MSc-Research\Healthcare-risk-engine\src\wazuh_live_collector.py", line 288, in <module>
[2026-07-27 02:40:49] [ERROR]     raise SystemExit(main())
[2026-07-27 02:40:49] [ERROR]                      ~~~~^^
[2026-07-27 02:40:49] [ERROR]   File "D:\MSc-Research\Healthcare-risk-engine\src\wazuh_live_collector.py", line 238, in main
[2026-07-27 02:40:49] [ERROR]     environment_id = resolve_environment_id(
[2026-07-27 02:40:49] [ERROR]         args.environment
[2026-07-27 02:40:49] [ERROR]     )
[2026-07-27 02:40:49] [ERROR]   File "D:\MSc-Research\Healthcare-risk-engine\src\event_environment.py", line 42, in resolve_environment_id
[2026-07-27 02:40:49] [ERROR]     raise EventEnvironmentError(
[2026-07-27 02:40:49] [ERROR]     ...<2 lines>...
[2026-07-27 02:40:49] [ERROR]     )
[2026-07-27 02:40:49] [ERROR] event_environment.EventEnvironmentError: Environment ID is required. Use --environment or set ENVIRONMENT_ID.
[2026-07-27 02:40:49] [ERROR] Wazuh live collection failed with exit code 1
[2026-07-27 02:40:49] [INFO] Next cycle starts in 29 second(s).
[2026-07-27 02:41:18] [INFO] Beginning pipeline cycle.
[2026-07-27 02:41:18] [INFO] OpenSearch tunnel is already available on localhost:9200.
[2026-07-27 02:41:18] [INFO] Starting: Wazuh live collection
[2026-07-27 02:41:19] [ERROR] Traceback (most recent call last):
[2026-07-27 02:41:19] [ERROR]   File "D:\MSc-Research\Healthcare-risk-engine\src\wazuh_live_collector.py", line 288, in <module>
[2026-07-27 02:41:19] [ERROR]     raise SystemExit(main())
[2026-07-27 02:41:19] [ERROR]                      ~~~~^^
[2026-07-27 02:41:19] [ERROR]   File "D:\MSc-Research\Healthcare-risk-engine\src\wazuh_live_collector.py", line 238, in main
[2026-07-27 02:41:19] [ERROR]     environment_id = resolve_environment_id(
[2026-07-27 02:41:19] [ERROR]         args.environment
[2026-07-27 02:41:19] [ERROR]     )
[2026-07-27 02:41:19] [ERROR]   File "D:\MSc-Research\Healthcare-risk-engine\src\event_environment.py", line 42, in resolve_environment_id
[2026-07-27 02:41:19] [ERROR]     raise EventEnvironmentError(
[2026-07-27 02:41:19] [ERROR]     ...<2 lines>...
[2026-07-27 02:41:19] [ERROR]     )
[2026-07-27 02:41:19] [ERROR] event_environment.EventEnvironmentError: Environment ID is required. Use --environment or set ENVIRONMENT_ID.
[2026-07-27 02:41:19] [ERROR] Wazuh live collection failed with exit code 1
[2026-07-27 02:41:19] [INFO] Next cycle starts in 29 second(s).
[2026-07-27 02:41:48] [INFO] Beginning pipeline cycle.
[2026-07-27 02:41:48] [INFO] OpenSearch tunnel is already available on localhost:9200.
[2026-07-27 02:41:48] [INFO] Starting: Wazuh live collection
[2026-07-27 02:41:48] [ERROR] Traceback (most recent call last):
[2026-07-27 02:41:48] [ERROR]   File "D:\MSc-Research\Healthcare-risk-engine\src\wazuh_live_collector.py", line 288, in <module>
[2026-07-27 02:41:48] [ERROR]     raise SystemExit(main())
[2026-07-27 02:41:48] [ERROR]                      ~~~~^^
[2026-07-27 02:41:48] [ERROR]   File "D:\MSc-Research\Healthcare-risk-engine\src\wazuh_live_collector.py", line 238, in main
[2026-07-27 02:41:48] [ERROR]     environment_id = resolve_environment_id(
[2026-07-27 02:41:48] [ERROR]         args.environment
[2026-07-27 02:41:48] [ERROR]     )
[2026-07-27 02:41:48] [ERROR]   File "D:\MSc-Research\Healthcare-risk-engine\src\event_environment.py", line 42, in resolve_environment_id
[2026-07-27 02:41:48] [ERROR]     raise EventEnvironmentError(
[2026-07-27 02:41:48] [ERROR]     ...<2 lines>...
[2026-07-27 02:41:48] [ERROR]     )
[2026-07-27 02:41:48] [ERROR] event_environment.EventEnvironmentError: Environment ID is required. Use --environment or set ENVIRONMENT_ID.
[2026-07-27 02:41:48] [ERROR] Wazuh live collection failed with exit code 1
[2026-07-27 02:41:48] [INFO] Next cycle starts in 29 second(s).
[2026-07-27 02:42:17] [INFO] Beginning pipeline cycle.
[2026-07-27 02:42:17] [INFO] OpenSearch tunnel is already available on localhost:9200.
[2026-07-27 02:42:17] [INFO] Starting: Wazuh live collection
[2026-07-27 02:42:18] [ERROR] Traceback (most recent call last):
[2026-07-27 02:42:18] [ERROR]   File "D:\MSc-Research\Healthcare-risk-engine\src\wazuh_live_collector.py", line 288, in <module>
[2026-07-27 02:42:18] [ERROR]     raise SystemExit(main())
[2026-07-27 02:42:18] [ERROR]                      ~~~~^^
[2026-07-27 02:42:18] [ERROR]   File "D:\MSc-Research\Healthcare-risk-engine\src\wazuh_live_collector.py", line 238, in main
[2026-07-27 02:42:18] [ERROR]     environment_id = resolve_environment_id(
[2026-07-27 02:42:18] [ERROR]         args.environment
[2026-07-27 02:42:18] [ERROR]     )
[2026-07-27 02:42:18] [ERROR]   File "D:\MSc-Research\Healthcare-risk-engine\src\event_environment.py", line 42, in resolve_environment_id
[2026-07-27 02:42:18] [ERROR]     raise EventEnvironmentError(
[2026-07-27 02:42:18] [ERROR]     ...<2 lines>...
[2026-07-27 02:42:18] [ERROR]     )
[2026-07-27 02:42:18] [ERROR] event_environment.EventEnvironmentError: Environment ID is required. Use --environment or set ENVIRONMENT_ID.
[2026-07-27 02:42:18] [ERROR] Wazuh live collection failed with exit code 1
[2026-07-27 02:42:18] [INFO] Next cycle starts in 29 second(s).
